chain_id,assigned_period,position,node_id,source_order_id,source_resource_id,source_period,material_role,weight,width,thickness,min_temperature,max_temperature,grade,partition_id,piece_index,virtual_prototype_id,virtual_purpose,virtual_accepted_sequence,related_partition_id,sequence,small_roll,delivery_date
initial-000001,BR_00000001,0,0002002187-000020,0002002187-000020,0002002187-000020,BR_00000006,normal_real,25.0,1815.0,0.6,830.0,850.0,DC53D+Z,,,,,,,1,01,2026-06-30
initial-000001,BR_00000001,1,0002002177-000010,0002002177-000010,0002002177-000010,BR_00000006,normal_real,30.0,1775.0,0.6,830.0,850.0,DC53D+Z,,,,,,,2,01,2026-06-30
initial-000001,BR_00000001,2,0002002177-000020,0002002177-000020,0002002177-000020,BR_00000006,normal_real,15.0,1590.0,0.6,830.0,850.0,DC53D+Z,,,,,,,3,01,2026-06-30
initial-000001,BR_00000001,3,0010019718-000050,0010019718-000050,0010019718-000050,BR_00000006,actual_transition,96.0,1550.0,0.5,700.0,840.0,DC51D+Z,,,,,,,4,01,2026-06-30
initial-000001,BR_00000001,4,0010019718-000040,0010019718-000040,0010019718-000040,BR_00000006,actual_transition,144.0,1500.0,0.5,700.0,840.0,DC51D+Z,,,,,,,5,01,2026-06-30
initial-000001,BR_00000001,5,0010018206-000080,0010018206-000080,0010018206-000080,BR_00000001,actual_transition,8.26,1500.0,0.5,700.0,840.0,DC51D+Z,,,,,,,6,01,2026-05-31
initial-000001,BR_00000001,6,0010019618-000020,0010019618-000020,0010019618-000020,BR_00000006,actual_transition,192.0,1500.0,0.5,700.0,840.0,DC51D+Z,,,,,,,7,01,2026-06-30
initial-000001,BR_00000001,7,0030124871-000110,0030124871-000110,0030124871-000110,BR_00000006,normal_real,140.0,1460.0,0.6,730.0,750.0,DX51D+Z,,,,,,,8,01,2026-06-30
initial-000001,BR_00000001,8,0010019718-000030,0010019718-000030,0010019718-000030,BR_00000006,actual_transition,131.46,1400.0,0.5,700.0,840.0,DC51D+Z,,,,,,,9,01,2026-06-30
initial-000001,BR_00000001,9,0002002176-000140,0002002176-000140,0002002176-000140,BR_00000006,normal_real,23.0,1380.0,0.6,770.0,810.0,DC51D+Z,,,,,,,10,01,2026-06-30
initial-000001,BR_00000001,10,0002002180-000040,0002002180-000040,0002002180-000040,BR_00000006,normal_real,20.0,1363.0,0.6,770.0,810.0,DC51D+Z,,,,,,,11,01,2026-06-30
initial-000001,BR_00000001,11,0002002195-000230,0002002195-000230,0002002195-000230,BR_00000006,normal_real,24.0,1355.0,0.65,770.0,810.0,DC51D+Z,,,,,,,12,01,2026-06-30
initial-000001,BR_00000001,12,0002002185-000100,0002002185-000100,0002002185-000100,BR_00000006,normal_real,23.0,1335.0,0.65,770.0,810.0,DC51D+Z,,,,,,,13,01,2026-06-30
initial-000001,BR_00000001,13,0030119098-000060,0030119098-000060,0030119098-000060,BR_00000001,normal_real,24.0,1333.0,0.6,700.0,840.0,DX51D+Z,,,,,,,14,01,2026-05-31
initial-000001,BR_00000001,14,0030123143-000030,0030123143-000030,0030123143-000030,BR_00000006,normal_real,175.0,1315.0,0.6,830.0,850.0,SCG4+Z,,,,,,,15,01,2026-06-30
initial-000001,BR_00000001,15,0030117110-000020,0030117110-000020,0030117110-000020,BR_00000001,normal_real,21.51,1312.0,0.75,830.0,850.0,CR3,,,,,,,16,01,2026-05-31
initial-000001,BR_00000001,16,0030122759-000020,0030122759-000020,0030122759-000020,BR_00000006,normal_real,22.0,1312.0,0.75,830.0,850.0,CR3,,,,,,,17,01,2026-06-30
initial-000001,BR_00000001,17,0030125150-000020,0030125150-000020,0030125150-000020,BR_00000006,normal_real,24.0,1305.0,0.7,820.0,840.0,DC53D+Z,,,,,,,18,01,2026-06-30
initial-000001,BR_00000001,18,0002002180-000360,0002002180-000360,0002002180-000360,BR_00000006,normal_real,17.08,1300.0,0.65,810.0,830.0,180YD+Z,,,,,,,19,01,2026-06-30
initial-000001,BR_00000001,19,0030118006-000010,0030118006-000010,0030118006-000010,BR_00000001,normal_real,55.45,1295.0,0.6,700.0,840.0,DC51D+Z,,,,,,,20,01,2026-05-31
initial-000001,BR_00000001,20,0002002195-000110,0002002195-000110,0002002195-000110,BR_00000006,normal_real,110.0,1285.0,0.6,830.0,850.0,DC54D+Z,,,,,,,21,01,2026-06-30
initial-000001,BR_00000001,21,0030123141-000010,0030123141-000010,0030123141-000010,BR_00000006,normal_real,50.0,1275.0,0.6,830.0,850.0,SCG4+Z,,,,,,,22,01,2026-06-30
initial-000001,BR_00000001,22,0030122897-000010,0030122897-000010,0030122897-000010,BR_00000006,actual_transition,24.0,1250.0,0.5,700.0,840.0,DC51D+Z,,,,,,,23,01,2026-06-30
initial-000001,BR_00000001,23,0030120727-000030,0030120727-000030,0030120727-000030,BR_00000001,normal_real,300.0,1227.0,0.45,715.0,735.0,DX51D+Z1,,,,,,,24,01,2026-06-05
initial-000001,BR_00000001,24,0030125168-000040,0030125168-000040,0030125168-000040,BR_00000006,normal_real,48.0,1219.0,0.4,700.0,840.0,DC51D+Z,,,,,,,25,01,2026-06-30
initial-000001,BR_00000001,25,0030125168-000060,0030125168-000060,0030125168-000060,BR_00000006,normal_real,24.0,1190.0,0.4,770.0,810.0,DX52D+Z-LG,,,,,,,26,01,2026-06-30
initial-000001,BR_00000001,26,0030124800-000070,0030124800-000070,0030124800-000070,BR_00000006,normal_real,23.0,1146.0,0.5,770.0,810.0,DX52D+Z,,,,,,,27,01,2026-06-30
initial-000001,BR_00000001,27,0002002176-000170,0002002176-000170,0002002176-000170,BR_00000006,normal_real,17.0,1145.0,0.6,770.0,810.0,DC51D+Z,,,,,,,28,01,2026-06-30
initial-000001,BR_00000001,28,0030117283-000020,0030117283-000020,0030117283-000020,BR_00000001,normal_real,3.44,1130.0,0.65,790.0,810.0,SCG260Y+Z,,,,,,,29,01,2026-05-31
initial-000001,BR_00000001,29,0030120974-000030,0030120974-000030,0030120974-000030,BR_00000002,normal_real,23.0,1130.0,0.8,790.0,810.0,HC260YD+Z,,,,,,,30,01,2026-06-10
initial-000001,BR_00000001,30,0002002176-000180,0002002176-000180,0002002176-000180,BR_00000006,normal_real,15.0,1122.0,0.65,770.0,810.0,DC51D+Z,,,,,,,31,01,2026-06-30
initial-000001,BR_00000001,31,0030125206-000010,0030125206-000010,0030125206-000010,BR_00000006,normal_real,23.0,1120.0,0.6,770.0,810.0,DC51D+Z,,,,,,,32,01,2026-06-30
initial-000001,BR_00000001,32,0030124800-000060,0030124800-000060,0030124800-000060,BR_00000006,normal_real,23.0,1116.0,0.5,770.0,810.0,DX52D+Z,,,,,,,33,01,2026-06-30
initial-000001,BR_00000001,33,0002002176-000200,0002002176-000200,0002002176-000200,BR_00000006,normal_real,15.0,1080.0,0.6,770.0,810.0,DC51D+Z,,,,,,,34,01,2026-06-30
initial-000001,BR_00000001,34,0030124800-000050,0030124800-000050,0030124800-000050,BR_00000006,normal_real,23.0,1066.0,0.5,770.0,810.0,DX52D+Z,,,,,,,35,01,2026-06-30
initial-000001,BR_00000001,35,0002002184-000130,0002002184-000130,0002002184-000130,BR_00000006,normal_real,19.0,1063.0,0.6,770.0,810.0,DC51D+Z,,,,,,,36,01,2026-06-30
initial-000001,BR_00000001,36,0002002195-000050,0002002195-000050,0002002195-000050,BR_00000006,normal_real,48.0,1063.0,0.65,770.0,810.0,DC51D+Z,,,,,,,37,01,2026-06-30
initial-000003,BR_00000001,0,0002002187-000010,0002002187-000010,0002002187-000010,BR_00000006,normal_real,25.0,1710.0,0.6,810.0,830.0,180YD+Z,,,,,,,38,02,2026-06-30
initial-000003,BR_00000001,1,0002002170-000300,0002002170-000300,0002002170-000300,BR_00000006,normal_real,23.0,1500.0,0.6,810.0,830.0,180YD+Z,,,,,,,39,02,2026-06-30
initial-000003,BR_00000001,2,0030124457-000020,0030124457-000020,0030124457-000020,BR_00000006,normal_real,24.0,1483.0,0.6,820.0,840.0,DX53D+Z,,,,,,,40,02,2026-06-30
initial-000003,BR_00000001,3,0002002184-000220,0002002184-000220,0002002184-000220,BR_00000006,normal_real,23.0,1455.0,0.6,830.0,850.0,DC53D+Z,,,,,,,41,02,2026-06-30
initial-000003,BR_00000001,4,0005000563-000280,0005000563-000280,0005000563-000280,BR_00000006,normal_real,21.0,1448.0,0.8,830.0,850.0,CR3,,,,,,,42,02,2026-06-30
initial-000003,BR_00000001,5,0030119860-000030,0030119860-000030,0030119860-000030,BR_00000001,normal_real,56.58,1410.0,0.8,830.0,850.0,DC56D+Z,,,,,,,43,02,2026-05-31
initial-000003,BR_00000001,6,0002002053-000120,0002002053-000120,0002002053-000120,BR_00000001,normal_real,18.57,1400.0,0.8,820.0,840.0,DX53D+Z-MD,,,,,,,44,02,2026-05-31
initial-000003,BR_00000001,7,0005000563-000030,0005000563-000030,0005000563-000030,BR_00000006,normal_real,63.0,1365.0,0.8,830.0,850.0,CR180BH,,,,,,,45,02,2026-06-30
initial-000003,BR_00000001,8,0002002020-000080,0002002020-000080,0002002020-000080,BR_00000001,normal_real,13.01,1364.0,1.0,830.0,850.0,DC54D+Z,,,,,,,46,02,2026-05-31
initial-000003,BR_00000001,9,0005000563-000130,0005000563-000130,0005000563-000130,BR_00000006,normal_real,42.0,1350.0,0.8,830.0,850.0,CR180BH,,,,,,,47,02,2026-06-30
initial-000003,BR_00000001,10,0030122476-000050,0030122476-000050,0030122476-000050,BR_00000006,normal_real,8.0,1325.0,1.0,830.0,850.0,DC56D+Z,,,,,,,48,02,2026-06-30
initial-000003,BR_00000001,11,0030124567-000010,0030124567-000010,0030124567-000010,BR_00000006,normal_real,24.0,1310.0,1.0,830.0,850.0,DC56D+Z,,,,,,,49,02,2026-06-30
initial-000003,BR_00000001,12,0030121196-000020,0030121196-000020,0030121196-000020,BR_00000002,normal_real,24.0,1300.0,0.95,830.0,850.0,DC56D+Z,,,,,,,50,02,2026-06-10
initial-000003,BR_00000001,13,0002002053-000180,0002002053-000180,0002002053-000180,BR_00000001,normal_real,60.0,1300.0,1.0,820.0,840.0,DX53D+Z-MD,,,,,,,51,02,2026-05-31
initial-000003,BR_00000001,14,0002002054-000100,0002002054-000100,0002002054-000100,BR_00000001,normal_real,75.01,1300.0,1.0,820.0,840.0,DX53D+Z-MD,,,,,,,52,02,2026-05-31
initial-000003,BR_00000001,15,0030124731-000010,0030124731-000010,0030124731-000010,BR_00000006,normal_real,48.0,1290.0,0.9,830.0,850.0,DC54D+Z,,,,,,,53,02,2026-06-30
initial-000003,BR_00000001,16,0002002195-000180,0002002195-000180,0002002195-000180,BR_00000006,normal_real,25.0,1258.0,0.8,830.0,850.0,DC53D+Z,,,,,,,54,02,2026-06-30
initial-000003,BR_00000001,17,0030123916-000030,0030123916-000030,0030123916-000030,BR_00000006,actual_transition,69.0,1250.0,1.0,700.0,840.0,DC51D+Z,,,,,,,55,02,2026-06-30
initial-000003,BR_00000001,18,0010020206-000080,0010020206-000080,0010020206-000080,BR_00000006,actual_transition,122.45,1250.0,1.0,700.0,840.0,DC51D+Z,,,,,,,56,02,2026-06-30
initial-000003,BR_00000001,19,0002002195-000100,0002002195-000100,0002002195-000100,BR_00000006,normal_real,230.0,1220.0,1.0,830.0,850.0,DC53D+Z,,,,,,,57,02,2026-06-30
initial-000003,BR_00000001,20,0030122476-000070,0030122476-000070,0030122476-000070,BR_00000006,normal_real,24.0,1205.0,1.0,830.0,850.0,DC56D+Z,,,,,,,58,02,2026-06-30
initial-000003,BR_00000001,21,0030117976-000020,0030117976-000020,0030117976-000020,BR_00000001,actual_transition,7.91,1201.0,1.0,700.0,840.0,DC51D+Z,,,,,,,59,02,2026-05-31
initial-000003,BR_00000001,22,0030125207-000090,0030125207-000090,0030125207-000090,BR_00000006,normal_real,24.0,1183.0,0.8,830.0,850.0,DC51D+Z,,,,,,,60,02,2026-06-30
initial-000003,BR_00000001,23,0030124772-000030,0030124772-000030,0030124772-000030,BR_00000006,normal_real,24.0,1180.0,0.7,820.0,840.0,DC53D+Z,,,,,,,61,02,2026-06-30
initial-000003,BR_00000001,24,0030122759-000010,0030122759-000010,0030122759-000010,BR_00000006,normal_real,22.0,1170.0,0.7,830.0,850.0,CR3,,,,,,,62,02,2026-06-30
initial-000003,BR_00000001,25,0002002009-000050,0002002009-000050,0002002009-000050,BR_00000001,normal_real,8.22,1168.0,0.65,830.0,850.0,DC53D+Z,,,,,,,63,02,2026-05-31
initial-000003,BR_00000001,26,0030124871-000040,0030124871-000040,0030124871-000040,BR_00000006,normal_real,20.0,1160.0,0.6,820.0,840.0,DX53D+Z,,,,,,,64,02,2026-06-30
initial-000003,BR_00000001,27,0002002152-000010,0002002152-000010,0002002152-000010,BR_00000006,normal_real,23.0,1155.0,0.65,810.0,830.0,HC180YD+Z,,,,,,,65,02,2026-06-30
initial-000003,BR_00000001,28,split-partition-12867008acf6a0ea9d8776d23dc778175dc8c9ecf45f1c627e21aad01e519f05:piece:0001,0002002055-000120,0002002055-000120,BR_00000001,normal_real,500.0,1150.0,0.6,820.0,840.0,DX53D+Z-MD,partition-12867008acf6a0ea9d8776d23dc778175dc8c9ecf45f1c627e21aad01e519f05,1,,,,,66,02,2026-05-31
initial-000003,BR_00000001,29,virtual-000015,,,,virtual_sphc,20.0,1250.0,0.6,820.0,840.0,SPHC,,,virtual_sphc:1250x0.6,split_separator,15,partition-12867008acf6a0ea9d8776d23dc778175dc8c9ecf45f1c627e21aad01e519f05,67,02,不适用
initial-000003,BR_00000001,30,split-partition-12867008acf6a0ea9d8776d23dc778175dc8c9ecf45f1c627e21aad01e519f05:piece:0002,0002002055-000120,0002002055-000120,BR_00000001,normal_real,70.3,1150.0,0.6,820.0,840.0,DX53D+Z-MD,partition-12867008acf6a0ea9d8776d23dc778175dc8c9ecf45f1c627e21aad01e519f05,2,,,,,68,02,2026-05-31
initial-000003,BR_00000001,31,0002002054-000340,0002002054-000340,0002002054-000340,BR_00000001,normal_real,102.32,1150.0,0.6,815.0,835.0,DX51D+Z-MD,,,,,,,69,02,2026-05-31
initial-000003,BR_00000001,32,0002002055-000110,0002002055-000110,0002002055-000110,BR_00000001,normal_real,15.3,1100.0,0.8,815.0,835.0,DX51D+Z-MD,,,,,,,70,02,2026-05-31
initial-000003,BR_00000001,33,0030124574-000010,0030124574-000010,0030124574-000010,BR_00000006,actual_transition,23.0,1100.0,1.0,700.0,840.0,DC51D+Z,,,,,,,71,02,2026-06-30
initial-000003,BR_00000001,34,0030124824-000010,0030124824-000010,0030124824-000010,BR_00000006,normal_real,20.0,1060.0,0.95,710.0,730.0,DX51D+Z,,,,,,,72,02,2026-06-30
initial-000003,BR_00000001,35,0030124826-000010,0030124826-000010,0030124826-000010,BR_00000006,normal_real,40.0,1000.0,1.15,710.0,730.0,DX51D+Z,,,,,,,73,02,2026-06-30
initial-000003,BR_00000001,36,0030124207-000010,0030124207-000010,0030124207-000010,BR_00000006,actual_transition,24.0,1000.0,1.2,700.0,840.0,DC51D+Z,,,,,,,74,02,2026-06-30
initial-000003,BR_00000001,37,0002002180-000160,0002002180-000160,0002002180-000160,BR_00000006,normal_real,20.0,885.0,1.4,770.0,810.0,DC51D+Z,,,,,,,75,02,2026-06-30
initial-000008,BR_00000001,0,0002002193-000030,0002002193-000030,0002002193-000030,BR_00000006,normal_real,52.0,1655.0,1.0,770.0,810.0,DC51D+Z,,,,,,,76,03,2026-06-30
initial-000008,BR_00000001,1,0010020206-000100,0010020206-000100,0010020206-000100,BR_00000006,actual_transition,95.94,1500.0,1.0,700.0,840.0,DC51D+Z,,,,,,,77,03,2026-06-30
initial-000008,BR_00000001,2,0030120817-000050,0030120817-000050,0030120817-000050,BR_00000003,normal_real,50.0,1480.0,1.2,785.0,815.0,HC420/780DPD+Z,,,,,,,78,03,2026-06-15
initial-000008,BR_00000001,3,0030124735-000110,0030124735-000110,0030124735-000110,BR_00000006,actual_transition,24.0,1350.0,1.4,700.0,840.0,DX51D+Z,,,,,,,79,03,2026-06-30
initial-000008,BR_00000001,4,0030124735-000070,0030124735-000070,0030124735-000070,BR_00000006,normal_real,24.0,1350.0,1.4,805.0,825.0,HC260YD+Z,,,,,,,80,03,2026-06-30
initial-000008,BR_00000001,5,0030121501-000010,0030121501-000010,0030121501-000010,BR_00000001,normal_real,25.11,1330.0,1.2,800.0,820.0,HC260YD+Z,,,,,,,81,03,2026-05-31
initial-000008,BR_00000001,6,virtual-000018,,,,virtual_sphc,20.0,1250.0,1.5,760.0,820.0,SPHC,,,virtual_sphc:1250x1.5,edge_bridge,18,,82,03,不适用
initial-000008,BR_00000001,7,virtual-000019,,,,virtual_sphc,20.0,1250.0,2.0,760.0,820.0,SPHC,,,virtual_sphc:1250x2,edge_bridge,19,,83,03,不适用
initial-000008,BR_00000001,8,0030122066-000070,0030122066-000070,0030122066-000070,BR_00000003,normal_real,24.0,1299.0,2.49,760.0,780.0,HC340/590DPD+Z,,,,,,,84,03,2026-06-15
initial-000008,BR_00000001,9,virtual-000020,,,,virtual_sphc,20.0,1250.0,2.0,760.0,810.0,SPHC,,,virtual_sphc:1250x2,edge_bridge,20,,85,03,不适用
initial-000008,BR_00000001,10,virtual-000021,,,,virtual_sphc,20.0,1250.0,1.5,760.0,810.0,SPHC,,,virtual_sphc:1250x1.5,edge_bridge,21,,86,03,不适用
initial-000008,BR_00000001,11,0002002170-000350,0002002170-000350,0002002170-000350,BR_00000006,normal_real,23.0,1300.0,1.2,770.0,810.0,DC51D+Z,,,,,,,87,03,2026-06-30
initial-000008,BR_00000001,12,0030122488-000020,0030122488-000020,0030122488-000020,BR_00000006,normal_real,96.0,1250.0,1.25,770.0,810.0,DC52D+Z,,,,,,,88,03,2026-06-30
initial-000008,BR_00000001,13,0010019881-000040,0010019881-000040,0010019881-000040,BR_00000006,actual_transition,96.0,1250.0,1.45,700.0,840.0,DC51D+Z,,,,,,,89,03,2026-06-30
initial-000008,BR_00000001,14,0030120939-000090,0030120939-000090,0030120939-000090,BR_00000002,normal_real,24.0,1250.0,1.5,810.0,830.0,HC180YD+Z,,,,,,,90,03,2026-06-10
initial-000008,BR_00000001,15,0030124735-000080,0030124735-000080,0030124735-000080,BR_00000006,normal_real,24.0,1250.0,1.8,805.0,825.0,HC260YD+Z,,,,,,,91,03,2026-06-30
initial-000008,BR_00000001,16,0030125101-000030,0030125101-000030,0030125101-000030,BR_00000006,actual_transition,48.0,1242.0,1.5,700.0,840.0,DC51D+Z,,,,,,,92,03,2026-06-30
initial-000008,BR_00000001,17,0030121432-000010,0030121432-000010,0030121432-000010,BR_00000002,normal_real,48.0,1235.0,1.35,795.0,815.0,HC220YD+Z,,,,,,,93,03,2026-06-10
initial-000008,BR_00000001,18,0002002202-000110,0002002202-000110,0002002202-000110,BR_00000006,normal_real,23.0,1218.0,1.2,770.0,810.0,DC51D+Z,,,,,,,94,03,2026-06-30
initial-000008,BR_00000001,19,0002002185-000090,0002002185-000090,0002002185-000090,BR_00000006,normal_real,1.97,1215.0,1.2,770.0,810.0,DC51D+Z,,,,,,,95,03,2026-06-30
initial-000008,BR_00000001,20,0002002170-000050,0002002170-000050,0002002170-000050,BR_00000006,normal_real,23.0,1175.0,1.2,770.0,810.0,DC51D+Z,,,,,,,96,03,2026-06-30
initial-000008,BR_00000001,21,0030124683-000050,0030124683-000050,0030124683-000050,BR_00000006,normal_real,23.0,1140.0,1.2,795.0,815.0,HC220YD+Z,,,,,,,97,03,2026-06-30
initial-000008,BR_00000001,22,0030125170-000010,0030125170-000010,0030125170-000010,BR_00000006,normal_real,20.0,1070.0,1.2,795.0,815.0,HC220YD+Z-GL,,,,,,,98,03,2026-06-30
initial-000004,BR_00000001,0,0002002193-000020,0002002193-000020,0002002193-000020,BR_00000006,normal_real,260.0,1640.0,0.8,830.0,850.0,DC53D+Z,,,,,,,99,04,2026-06-30
initial-000004,BR_00000001,1,0030123646-000010,0030123646-000010,0030123646-000010,BR_00000006,normal_real,12.0,1620.0,0.7,830.0,850.0,SCG4+Z,,,,,,,100,04,2026-06-30
initial-000004,BR_00000001,2,0002002170-000320,0002002170-000320,0002002170-000320,BR_00000006,normal_real,23.0,1515.0,0.7,830.0,850.0,DC53D+Z,,,,,,,101,04,2026-06-30
initial-000004,BR_00000001,3,0030123255-000020,0030123255-000020,0030123255-000020,BR_00000006,normal_real,46.0,1500.0,0.65,820.0,840.0,HC180BD+Z,,,,,,,102,04,2026-06-30
initial-000004,BR_00000001,4,0030123256-000030,0030123256-000030,0030123256-000030,BR_00000006,normal_real,46.0,1490.0,0.65,820.0,840.0,HC180BD+Z,,,,,,,103,04,2026-06-30
initial-000004,BR_00000001,5,0030118966-000010,0030118966-000010,0030118966-000010,BR_00000001,normal_real,31.64,1488.0,0.65,830.0,850.0,DC56D+Z,,,,,,,104,04,2026-05-31
initial-000004,BR_00000001,6,0002002176-000150,0002002176-000150,0002002176-000150,BR_00000006,normal_real,23.0,1470.0,0.65,830.0,850.0,DC53D+Z,,,,,,,105,04,2026-06-30
initial-000004,BR_00000001,7,0002002170-000010,0002002170-000010,0002002170-000010,BR_00000006,normal_real,23.0,1470.0,0.65,830.0,850.0,DC53D+Z,,,,,,,106,04,2026-06-30
initial-000004,BR_00000001,8,0030123936-000020,0030123936-000020,0030123936-000020,BR_00000006,normal_real,327.94,1465.0,0.7,830.0,850.0,SCG4+Z,,,,,,,107,04,2026-06-30
initial-000004,BR_00000001,9,0030123143-000010,0030123143-000010,0030123143-000010,BR_00000006,normal_real,52.0,1455.0,0.7,830.0,850.0,SCG4+Z,,,,,,,108,04,2026-06-30
initial-000004,BR_00000001,10,0030123936-000010,0030123936-000010,0030123936-000010,BR_00000006,normal_real,182.0,1440.0,0.7,830.0,850.0,SCG4+Z,,,,,,,109,04,2026-06-30
initial-000004,BR_00000001,11,0002002184-000030,0002002184-000030,0002002184-000030,BR_00000006,normal_real,23.0,1440.0,0.65,830.0,850.0,DC53D+Z,,,,,,,110,04,2026-06-30
initial-000004,BR_00000001,12,0002002176-000110,0002002176-000110,0002002176-000110,BR_00000006,normal_real,35.0,1418.0,0.65,830.0,850.0,DC53D+Z,,,,,,,111,04,2026-06-30
initial-000004,BR_00000001,13,0030124683-000030,0030124683-000030,0030124683-000030,BR_00000006,normal_real,48.0,1410.0,0.8,830.0,850.0,DC56D+Z,,,,,,,112,04,2026-06-30
initial-000004,BR_00000001,14,0030123143-000020,0030123143-000020,0030123143-000020,BR_00000006,normal_real,104.0,1390.0,0.7,830.0,850.0,SCG4+Z,,,,,,,113,04,2026-06-30
initial-000004,BR_00000001,15,0030119866-000010,0030119866-000010,0030119866-000010,BR_00000001,normal_real,27.97,1385.0,0.6,830.0,850.0,DC54D+Z,,,,,,,114,04,2026-05-31
initial-000004,BR_00000001,16,0030124199-000010,0030124199-000010,0030124199-000010,BR_00000006,normal_real,26.0,1385.0,0.6,830.0,850.0,DC54D+Z,,,,,,,115,04,2026-06-30
initial-000004,BR_00000001,17,0030123425-000020,0030123425-000020,0030123425-000020,BR_00000006,normal_real,130.0,1360.0,0.65,830.0,850.0,SCG4+Z,,,,,,,116,04,2026-06-30
initial-000004,BR_00000001,18,0030123143-000060,0030123143-000060,0030123143-000060,BR_00000006,normal_real,78.0,1360.0,0.65,830.0,850.0,SCG4+Z,,,,,,,117,04,2026-06-30
initial-000014,BR_00000001,0,0002002177-000030,0002002177-000030,0002002177-000030,BR_00000006,normal_real,15.0,1590.0,0.65,770.0,810.0,DC51D+Z,,,,,,,118,05,2026-06-30
initial-000014,BR_00000001,1,0002001995-000010,0002001995-000010,0002001995-000010,BR_00000001,normal_real,19.16,1583.0,0.65,770.0,810.0,DC51D+Z,,,,,,,119,05,2026-05-31
initial-000014,BR_00000001,2,0002002180-000340,0002002180-000340,0002002180-000340,BR_00000006,normal_real,20.0,1555.0,0.6,770.0,810.0,DC51D+Z,,,,,,,120,05,2026-06-30
initial-000014,BR_00000001,3,0002002180-000130,0002002180-000130,0002002180-000130,BR_00000006,normal_real,34.0,1510.0,0.6,770.0,810.0,DC51D+Z,,,,,,,121,05,2026-06-30
initial-000014,BR_00000001,4,0002002176-000220,0002002176-000220,0002002176-000220,BR_00000006,normal_real,15.0,1485.0,0.6,770.0,810.0,DC51D+Z,,,,,,,122,05,2026-06-30
initial-000014,BR_00000001,5,0030118006-000070,0030118006-000070,0030118006-000070,BR_00000001,normal_real,43.72,1480.0,0.8,700.0,840.0,DC51D+Z,,,,,,,123,05,2026-05-31
initial-000014,BR_00000001,6,0030123142-000010,0030123142-000010,0030123142-000010,BR_00000006,normal_real,312.0,1465.0,0.7,830.0,850.0,SCG4+Z,,,,,,,124,05,2026-06-30
initial-000014,BR_00000001,7,0030123142-000020,0030123142-000020,0030123142-000020,BR_00000006,normal_real,182.0,1440.0,0.7,830.0,850.0,SCG4+Z,,,,,,,125,05,2026-06-30
initial-000014,BR_00000001,8,0002002170-000430,0002002170-000430,0002002170-000430,BR_00000006,normal_real,23.0,1440.0,0.65,830.0,850.0,DC53D+Z,,,,,,,126,05,2026-06-30
initial-000014,BR_00000001,9,0002002055-000100,0002002055-000100,0002002055-000100,BR_00000001,normal_real,18.26,1413.0,0.6,820.0,840.0,DX53D+Z-MD,,,,,,,127,05,2026-05-31
initial-000014,BR_00000001,10,0030121799-000010,0030121799-000010,0030121799-000010,BR_00000006,normal_real,168.0,1395.0,0.6,830.0,850.0,DC54D+Z,,,,,,,128,05,2026-06-30
initial-000014,BR_00000001,11,0030121346-000020,0030121346-000020,0030121346-000020,BR_00000002,normal_real,48.0,1393.0,0.5,820.0,840.0,DX53D+Z,,,,,,,129,05,2026-06-10
initial-000014,BR_00000001,12,0030125168-000010,0030125168-000010,0030125168-000010,BR_00000006,normal_real,72.0,1375.0,0.4,700.0,840.0,DC51D+Z,,,,,,,130,05,2026-06-30
initial-000014,BR_00000001,13,0002002054-000010,0002002054-000010,0002002054-000010,BR_00000001,normal_real,36.83,1365.0,0.5,820.0,840.0,DX53D+Z-CD,,,,,,,131,05,2026-05-31
initial-000014,BR_00000001,14,0010019718-000010,0010019718-000010,0010019718-000010,BR_00000006,actual_transition,58.0,1350.0,0.5,700.0,840.0,DC51D+Z,,,,,,,132,05,2026-06-30
initial-000014,BR_00000001,15,0030123654-000020,0030123654-000020,0030123654-000020,BR_00000006,normal_real,48.0,1346.0,0.5,715.0,735.0,DX51D+Z1,,,,,,,133,05,2026-06-30
initial-000014,BR_00000001,16,0030125168-000030,0030125168-000030,0030125168-000030,BR_00000006,normal_real,48.0,1326.0,0.4,700.0,840.0,DC51D+Z,,,,,,,134,05,2026-06-30
initial-000014,BR_00000001,17,0030125168-000020,0030125168-000020,0030125168-000020,BR_00000006,normal_real,48.0,1306.0,0.4,700.0,840.0,DC51D+Z,,,,,,,135,05,2026-06-30
initial-000014,BR_00000001,18,0030119098-000010,0030119098-000010,0030119098-000010,BR_00000001,normal_real,22.98,1306.0,0.4,700.0,840.0,DC51D+Z,,,,,,,136,05,2026-05-31
initial-000014,BR_00000001,19,0002002054-000270,0002002054-000270,0002002054-000270,BR_00000001,normal_real,12.7,1258.0,0.4,815.0,835.0,DX51D+Z-MD,,,,,,,137,05,2026-05-31
initial-000014,BR_00000001,20,0002002054-000350,0002002054-000350,0002002054-000350,BR_00000001,normal_real,98.97,1250.0,0.5,815.0,835.0,DX51D+Z-MD,,,,,,,138,05,2026-05-31
initial-000014,BR_00000001,21,0002002054-000320,0002002054-000320,0002002054-000320,BR_00000001,normal_real,23.0,1235.0,0.5,820.0,840.0,DX53D+Z-CD,,,,,,,139,05,2026-05-31
initial-000014,BR_00000001,22,0030118641-000010,0030118641-000010,0030118641-000010,BR_00000001,actual_transition,22.03,1200.0,0.4,700.0,840.0,DC51D+Z,,,,,,,140,05,2026-05-31
initial-000014,BR_00000001,23,0030123916-000010,0030123916-000010,0030123916-000010,BR_00000006,actual_transition,23.0,1200.0,0.4,700.0,840.0,DC51D+Z,,,,,,,141,05,2026-06-30
initial-000014,BR_00000001,24,0002002055-000080,0002002055-000080,0002002055-000080,BR_00000001,normal_real,5.45,1150.0,0.5,815.0,835.0,DX51D+Z-MD,,,,,,,142,05,2026-05-31
initial-000014,BR_00000001,25,0002002055-000040,0002002055-000040,0002002055-000040,BR_00000001,normal_real,346.03,1150.0,0.5,815.0,835.0,DX51D+Z-MD,,,,,,,143,05,2026-05-31
initial-000014,BR_00000001,26,0002002054-000040,0002002054-000040,0002002054-000040,BR_00000001,normal_real,36.52,1150.0,0.5,815.0,835.0,DX51D+Z-MD,,,,,,,144,05,2026-05-31
initial-000014,BR_00000001,27,0030125168-000050,0030125168-000050,0030125168-000050,BR_00000006,normal_real,24.0,1145.0,0.4,700.0,840.0,DC51D+Z,,,,,,,145,05,2026-06-30
initial-000014,BR_00000001,28,0030123654-000010,0030123654-000010,0030123654-000010,BR_00000006,normal_real,48.0,1066.0,0.5,715.0,735.0,DX51D+Z1,,,,,,,146,05,2026-06-30
initial-000014,BR_00000001,29,0030118641-000020,0030118641-000020,0030118641-000020,BR_00000001,actual_transition,6.04,1000.0,0.4,700.0,840.0,DC51D+Z,,,,,,,147,05,2026-05-31
initial-000014,BR_00000001,30,0030123916-000020,0030123916-000020,0030123916-000020,BR_00000006,actual_transition,23.0,1000.0,0.4,700.0,840.0,DC51D+Z,,,,,,,148,05,2026-06-30
initial-000016,BR_00000001,0,0030125207-000060,0030125207-000060,0030125207-000060,BR_00000006,normal_real,24.0,1589.0,0.7,770.0,810.0,DC51D+Z,,,,,,,149,06,2026-06-30
initial-000016,BR_00000001,1,0002002176-000230,0002002176-000230,0002002176-000230,BR_00000006,normal_real,15.0,1555.0,0.6,770.0,810.0,DC51D+Z,,,,,,,150,06,2026-06-30
initial-000016,BR_00000001,2,0002002185-000130,0002002185-000130,0002002185-000130,BR_00000006,normal_real,23.0,1545.0,0.65,770.0,810.0,DC51D+Z,,,,,,,151,06,2026-06-30
initial-000016,BR_00000001,3,0002002185-000080,0002002185-000080,0002002185-000080,BR_00000006,normal_real,40.0,1540.0,0.7,770.0,810.0,DC51D+Z,,,,,,,152,06,2026-06-30
initial-000016,BR_00000001,4,0002001998-000190,0002001998-000190,0002001998-000190,BR_00000001,normal_real,42.46,1510.0,0.6,770.0,810.0,DC51D+Z,,,,,,,153,06,2026-05-31
initial-000016,BR_00000001,5,0002002195-000160,0002002195-000160,0002002195-000160,BR_00000006,normal_real,635.0,1510.0,0.6,770.0,810.0,DC51D+Z,,,,,,,154,06,2026-06-30
initial-000016,BR_00000001,6,0002002185-000140,0002002185-000140,0002002185-000140,BR_00000006,normal_real,30.0,1510.0,0.65,770.0,810.0,DC51D+Z,,,,,,,155,06,2026-06-30
initial-000016,BR_00000001,7,0002002176-000080,0002002176-000080,0002002176-000080,BR_00000006,normal_real,15.0,1498.0,0.65,770.0,810.0,DC51D+Z,,,,,,,156,06,2026-06-30
initial-000016,BR_00000001,8,0002002195-000150,0002002195-000150,0002002195-000150,BR_00000006,normal_real,175.0,1490.0,0.65,770.0,810.0,DC51D+Z,,,,,,,157,06,2026-06-30
initial-000016,BR_00000001,9,0002002162-000010,0002002162-000010,0002002162-000010,BR_00000006,normal_real,72.0,1470.0,0.65,770.0,810.0,DC51D+Z,,,,,,,158,06,2026-06-30
initial-000016,BR_00000001,10,0002002176-000030,0002002176-000030,0002002176-000030,BR_00000006,normal_real,15.0,1465.0,0.65,770.0,810.0,DC51D+Z,,,,,,,159,06,2026-06-30
initial-000016,BR_00000001,11,0002002195-000140,0002002195-000140,0002002195-000140,BR_00000006,normal_real,72.0,1463.0,0.65,770.0,810.0,DC51D+Z,,,,,,,160,06,2026-06-30
initial-000016,BR_00000001,12,0002002195-000250,0002002195-000250,0002002195-000250,BR_00000006,normal_real,24.0,1455.0,0.65,770.0,810.0,DC51D+Z,,,,,,,161,06,2026-06-30
initial-000016,BR_00000001,13,0002002044-000070,0002002044-000070,0002002044-000070,BR_00000001,normal_real,18.71,1450.0,0.65,770.0,810.0,DC51D+Z,,,,,,,162,06,2026-05-31
initial-000016,BR_00000001,14,0002002162-000040,0002002162-000040,0002002162-000040,BR_00000006,normal_real,168.0,1450.0,0.65,770.0,810.0,DC51D+Z,,,,,,,163,06,2026-06-30
initial-000016,BR_00000001,15,0002002185-000070,0002002185-000070,0002002185-000070,BR_00000006,normal_real,92.0,1375.0,0.65,770.0,810.0,DC51D+Z,,,,,,,164,06,2026-06-30
initial-000016,BR_00000001,16,0002002024-000070,0002002024-000070,0002002024-000070,BR_00000001,normal_real,6.04,1360.0,0.7,770.0,810.0,DC51D+Z,,,,,,,165,06,2026-05-31
initial-000016,BR_00000001,17,0002002176-000100,0002002176-000100,0002002176-000100,BR_00000006,normal_real,23.0,1358.0,0.7,770.0,810.0,DC51D+Z,,,,,,,166,06,2026-06-30
initial-000016,BR_00000001,18,0030125207-000070,0030125207-000070,0030125207-000070,BR_00000006,normal_real,24.0,1349.0,0.9,770.0,810.0,DC51D+Z,,,,,,,167,06,2026-06-30
initial-000016,BR_00000001,19,0030124800-000020,0030124800-000020,0030124800-000020,BR_00000006,normal_real,24.0,1332.0,1.0,770.0,810.0,DX52D+Z,,,,,,,168,06,2026-06-30
initial-000016,BR_00000001,20,0002002170-000220,0002002170-000220,0002002170-000220,BR_00000006,normal_real,46.0,1330.0,1.0,770.0,810.0,DC51D+Z,,,,,,,169,06,2026-06-30
initial-000016,BR_00000001,21,0030123653-000060,0030123653-000060,0030123653-000060,BR_00000006,normal_real,96.0,1260.0,0.8,700.0,840.0,DC51D+Z,,,,,,,170,06,2026-06-30
initial-000016,BR_00000001,22,0030124871-000030,0030124871-000030,0030124871-000030,BR_00000006,normal_real,20.0,1250.0,0.95,710.0,730.0,DX51D+Z,,,,,,,171,06,2026-06-30
initial-000016,BR_00000001,23,0030124735-000100,0030124735-000100,0030124735-000100,BR_00000006,actual_transition,24.0,1250.0,1.0,700.0,840.0,DX51D+Z,,,,,,,172,06,2026-06-30
initial-000016,BR_00000001,24,0030122897-000040,0030122897-000040,0030122897-000040,BR_00000006,actual_transition,24.0,1250.0,1.0,700.0,840.0,DC51D+Z,,,,,,,173,06,2026-06-30
initial-000018,BR_00000001,0,0030124871-000100,0030124871-000100,0030124871-000100,BR_00000006,normal_real,210.0,1585.0,0.75,730.0,750.0,DX51D+Z,,,,,,,174,07,2026-06-30
initial-000018,BR_00000001,1,0030124871-000090,0030124871-000090,0030124871-000090,BR_00000006,normal_real,70.0,1550.0,0.75,730.0,750.0,DX51D+Z,,,,,,,175,07,2026-06-30
initial-000018,BR_00000001,2,0030125168-000080,0030125168-000080,0030125168-000080,BR_00000006,normal_real,24.0,1500.0,0.8,700.0,840.0,DX51D+Z,,,,,,,176,07,2026-06-30
initial-000018,BR_00000001,3,0002002170-000020,0002002170-000020,0002002170-000020,BR_00000006,normal_real,69.0,1498.0,0.8,830.0,850.0,DC53D+Z,,,,,,,177,07,2026-06-30
initial-000018,BR_00000001,4,0002002170-000160,0002002170-000160,0002002170-000160,BR_00000006,normal_real,23.0,1495.0,0.7,830.0,850.0,DC53D+Z,,,,,,,178,07,2026-06-30
initial-000018,BR_00000001,5,0030124397-000030,0030124397-000030,0030124397-000030,BR_00000006,normal_real,24.0,1465.0,0.7,830.0,850.0,DC56D+Z,,,,,,,179,07,2026-06-30
initial-000018,BR_00000001,6,0030120049-000040,0030120049-000040,0030120049-000040,BR_00000001,normal_real,24.0,1440.0,0.7,830.0,850.0,DC56D+Z,,,,,,,180,07,2026-06-05
initial-000018,BR_00000001,7,0002002170-000240,0002002170-000240,0002002170-000240,BR_00000006,normal_real,80.0,1434.0,0.7,830.0,850.0,DC53D+Z,,,,,,,181,07,2026-06-30
initial-000018,BR_00000001,8,0030123143-000040,0030123143-000040,0030123143-000040,BR_00000006,normal_real,67.97,1430.0,0.65,830.0,850.0,SCG4+Z,,,,,,,182,07,2026-06-30
initial-000018,BR_00000001,9,0002002180-000280,0002002180-000280,0002002180-000280,BR_00000006,normal_real,20.0,1390.0,0.65,830.0,850.0,DC53D+Z,,,,,,,183,07,2026-06-30
initial-000018,BR_00000001,10,0030122759-000030,0030122759-000030,0030122759-000030,BR_00000006,normal_real,88.0,1374.0,0.75,830.0,850.0,CR3,,,,,,,184,07,2026-06-30
initial-000018,BR_00000001,11,0030124735-000060,0030124735-000060,0030124735-000060,BR_00000006,normal_real,24.0,1360.0,0.8,820.0,840.0,DX53D+Z,,,,,,,185,07,2026-06-30
initial-000018,BR_00000001,12,0002002184-000010,0002002184-000010,0002002184-000010,BR_00000006,normal_real,23.0,1354.0,0.65,830.0,850.0,DC56D+Z,,,,,,,186,07,2026-06-30
initial-000018,BR_00000001,13,0030123255-000010,0030123255-000010,0030123255-000010,BR_00000006,normal_real,92.0,1350.0,0.6,820.0,840.0,HC180BD+Z,,,,,,,187,07,2026-06-30
initial-000018,BR_00000001,14,0002002176-000240,0002002176-000240,0002002176-000240,BR_00000006,normal_real,69.0,1335.0,0.65,820.0,840.0,DC53D+Z,,,,,,,188,07,2026-06-30
initial-000018,BR_00000001,15,0030123141-000020,0030123141-000020,0030123141-000020,BR_00000006,normal_real,100.0,1330.0,0.65,830.0,850.0,SCG4+Z,,,,,,,189,07,2026-06-30
initial-000018,BR_00000001,16,0002002162-000110,0002002162-000110,0002002162-000110,BR_00000006,normal_real,24.0,1305.0,0.65,830.0,850.0,DC53D+Z,,,,,,,190,07,2026-06-30
initial-000018,BR_00000001,17,0002002170-000340,0002002170-000340,0002002170-000340,BR_00000006,normal_real,23.0,1280.0,0.65,830.0,850.0,DC54D+Z,,,,,,,191,07,2026-06-30
initial-000018,BR_00000001,18,0030122897-000100,0030122897-000100,0030122897-000100,BR_00000006,actual_transition,96.0,1250.0,0.75,700.0,840.0,DC51D+Z,,,,,,,192,07,2026-06-30
initial-000018,BR_00000001,19,0030124081-000010,0030124081-000010,0030124081-000010,BR_00000006,actual_transition,48.0,1250.0,0.75,700.0,840.0,DC51D+Z,,,,,,,193,07,2026-06-30
initial-000018,BR_00000001,20,0030124824-000030,0030124824-000030,0030124824-000030,BR_00000006,normal_real,37.29,1250.0,0.75,730.0,750.0,DX51D+Z,,,,,,,194,07,2026-06-30
initial-000018,BR_00000001,21,0010019881-000010,0010019881-000010,0010019881-000010,BR_00000006,actual_transition,24.0,1250.0,0.8,700.0,840.0,DC51D+Z,,,,,,,195,07,2026-06-30
initial-000018,BR_00000001,22,0010019881-000020,0010019881-000020,0010019881-000020,BR_00000006,actual_transition,24.0,1250.0,0.95,700.0,840.0,DC51D+Z,,,,,,,196,07,2026-06-30
initial-000018,BR_00000001,23,0030124871-000020,0030124871-000020,0030124871-000020,BR_00000006,normal_real,20.0,1250.0,1.15,710.0,730.0,DX51D+Z,,,,,,,197,07,2026-06-30
initial-000018,BR_00000001,24,0030122897-000050,0030122897-000050,0030122897-000050,BR_00000006,actual_transition,24.0,1250.0,1.2,700.0,840.0,DC51D+Z,,,,,,,198,07,2026-06-30
initial-000018,BR_00000001,25,0030124207-000020,0030124207-000020,0030124207-000020,BR_00000006,actual_transition,24.0,1250.0,1.2,700.0,840.0,DC51D+Z,,,,,,,199,07,2026-06-30
initial-000018,BR_00000001,26,0030125168-000090,0030125168-000090,0030125168-000090,BR_00000006,normal_real,24.0,1250.0,1.2,770.0,810.0,DX52D+Z-LG,,,,,,,200,07,2026-06-30
initial-000018,BR_00000001,27,0002002202-000020,0002002202-000020,0002002202-000020,BR_00000006,normal_real,23.0,1245.0,1.2,770.0,810.0,DC51D+Z,,,,,,,201,07,2026-06-30
initial-000018,BR_00000001,28,0030124800-000010,0030124800-000010,0030124800-000010,BR_00000006,normal_real,24.0,1240.0,1.0,770.0,810.0,DX52D+Z,,,,,,,202,07,2026-06-30
initial-000018,BR_00000001,29,0030125184-000010,0030125184-000010,0030125184-000010,BR_00000006,normal_real,48.0,1183.0,1.0,790.0,810.0,HC220YD+Z,,,,,,,203,07,2026-06-30
initial-000018,BR_00000001,30,0030118093-000020,0030118093-000020,0030118093-000020,BR_00000001,normal_real,135.54,1172.0,1.0,700.0,840.0,DX51D+Z,,,,,,,204,07,2026-05-31
initial-000018,BR_00000001,31,0030124440-000030,0030124440-000030,0030124440-000030,BR_00000006,normal_real,24.0,1155.0,0.9,770.0,810.0,DX52D+Z,,,,,,,205,07,2026-06-30
initial-000018,BR_00000001,32,0002002202-000210,0002002202-000210,0002002202-000210,BR_00000006,normal_real,8.21,1155.0,1.0,770.0,810.0,DC51D+Z,,,,,,,206,07,2026-06-30
initial-000018,BR_00000001,33,0002002170-000080,0002002170-000080,0002002170-000080,BR_00000006,normal_real,23.0,1128.0,1.0,770.0,810.0,DC51D+Z,,,,,,,207,07,2026-06-30
initial-000018,BR_00000001,34,0030124440-000020,0030124440-000020,0030124440-000020,BR_00000006,normal_real,23.0,1125.0,0.9,770.0,810.0,DX52D+Z,,,,,,,208,07,2026-06-30
initial-000018,BR_00000001,35,0002002169-000030,0002002169-000030,0002002169-000030,BR_00000006,normal_real,30.0,1120.0,0.7,770.0,810.0,DC51D+Z,,,,,,,209,07,2026-06-30
initial-000018,BR_00000001,36,0002002195-000060,0002002195-000060,0002002195-000060,BR_00000006,normal_real,61.96,1095.0,0.65,770.0,810.0,DC51D+Z,,,,,,,210,07,2026-06-30
initial-000018,BR_00000001,37,0002002202-000150,0002002202-000150,0002002202-000150,BR_00000006,normal_real,25.0,1095.0,0.7,770.0,810.0,DC51D+Z,,,,,,,211,07,2026-06-30
initial-000018,BR_00000001,38,0002002195-000170,0002002195-000170,0002002195-000170,BR_00000006,normal_real,24.0,1088.0,0.65,770.0,810.0,DC51D+Z,,,,,,,212,07,2026-06-30
initial-000018,BR_00000001,39,0002002202-000160,0002002202-000160,0002002202-000160,BR_00000006,normal_real,19.0,1085.0,0.7,770.0,810.0,DC51D+Z,,,,,,,213,07,2026-06-30
initial-000018,BR_00000001,40,0030124800-000030,0030124800-000030,0030124800-000030,BR_00000006,normal_real,23.0,1084.0,0.8,770.0,810.0,DX52D+Z,,,,,,,214,07,2026-06-30
initial-000018,BR_00000001,41,0002002176-000070,0002002176-000070,0002002176-000070,BR_00000006,normal_real,100.0,1063.0,1.0,770.0,810.0,DC51D+Z,,,,,,,215,07,2026-06-30
initial-000024,BR_00000001,0,0030124583-000010,0030124583-000010,0030124583-000010,BR_00000006,actual_transition,24.0,1388.0,1.6,700.0,720.0,DC51D+Z,,,,,,,216,08,2026-06-30
initial-000024,BR_00000001,1,0030125101-000020,0030125101-000020,0030125101-000020,BR_00000006,normal_real,120.0,1360.0,1.5,700.0,720.0,DC51D+Z-Q,,,,,,,217,08,2026-06-30
initial-000024,BR_00000001,2,0010019881-000060,0010019881-000060,0010019881-000060,BR_00000006,actual_transition,96.0,1355.0,1.95,700.0,840.0,DC51D+Z,,,,,,,218,08,2026-06-30
initial-000024,BR_00000001,3,0002002054-000060,0002002054-000060,0002002054-000060,BR_00000001,normal_real,50.0,1300.0,2.0,820.0,840.0,DX53D+Z-MD,,,,,,,219,08,2026-05-31
initial-000024,BR_00000001,4,0005000571-000030,0005000571-000030,0005000571-000030,BR_00000006,normal_real,7.0,1256.0,2.0,830.0,850.0,CR180BH,,,,,,,220,08,2026-06-30
initial-000024,BR_00000001,5,0005000563-000090,0005000563-000090,0005000563-000090,BR_00000006,normal_real,21.0,1245.0,1.75,830.0,850.0,CR3,,,,,,,221,08,2026-06-30
initial-000024,BR_00000001,6,0002002059-000020,0002002059-000020,0002002059-000020,BR_00000001,normal_real,20.43,1243.0,1.5,820.0,840.0,DX53D+Z-CD,,,,,,,222,08,2026-05-31
initial-000024,BR_00000001,7,0002002053-000070,0002002053-000070,0002002053-000070,BR_00000001,normal_real,25.67,1219.0,1.2,820.0,840.0,DX53D+Z-MD,,,,,,,223,08,2026-05-31
initial-000024,BR_00000001,8,0030119945-000140,0030119945-000140,0030119945-000140,BR_00000001,normal_real,24.0,1195.0,1.3,830.0,850.0,DC54D+Z,,,,,,,224,08,2026-05-31
initial-000024,BR_00000001,9,0030119597-000010,0030119597-000010,0030119597-000010,BR_00000001,normal_real,7.08,1155.0,1.2,830.0,850.0,DC54D+Z,,,,,,,225,08,2026-05-31
initial-000024,BR_00000001,10,0030125147-000020,0030125147-000020,0030125147-000020,BR_00000006,normal_real,23.0,1145.0,1.0,820.0,840.0,DC53D+Z,,,,,,,226,08,2026-06-30
initial-000024,BR_00000001,11,0030123508-000010,0030123508-000010,0030123508-000010,BR_00000006,normal_real,138.0,1145.0,1.0,830.0,850.0,HDX53D+Z-SN,,,,,,,227,08,2026-06-30
initial-000024,BR_00000001,12,0030118261-000010,0030118261-000010,0030118261-000010,BR_00000001,normal_real,57.02,1145.0,1.0,830.0,850.0,HDX53D+Z-SN,,,,,,,228,08,2026-05-31
initial-000024,BR_00000001,13,0030124170-000010,0030124170-000010,0030124170-000010,BR_00000006,normal_real,69.0,1145.0,1.0,830.0,850.0,HDX53D+Z-SN,,,,,,,229,08,2026-06-30
initial-000024,BR_00000001,14,0005000571-000020,0005000571-000020,0005000571-000020,BR_00000006,normal_real,7.0,1135.0,1.2,830.0,850.0,CR4,,,,,,,230,08,2026-06-30
initial-000024,BR_00000001,15,0002002184-000090,0002002184-000090,0002002184-000090,BR_00000006,normal_real,30.0,1134.0,1.0,830.0,850.0,DC56D+Z,,,,,,,231,08,2026-06-30
initial-000024,BR_00000001,16,0005000563-000290,0005000563-000290,0005000563-000290,BR_00000006,normal_real,20.0,1100.0,0.8,830.0,850.0,CR180BH,,,,,,,232,08,2026-06-30
initial-000024,BR_00000001,17,0005000547-000400,0005000547-000400,0005000547-000400,BR_00000001,normal_real,20.0,1100.0,0.8,830.0,850.0,CR180BH,,,,,,,233,08,2026-05-31
initial-000024,BR_00000001,18,0002002053-000020,0002002053-000020,0002002053-000020,BR_00000001,normal_real,8.8,1100.0,0.8,820.0,840.0,DX53D+Z-MD,,,,,,,234,08,2026-05-31
initial-000024,BR_00000001,19,0030124438-000010,0030124438-000010,0030124438-000010,BR_00000006,normal_real,23.0,1083.0,0.8,830.0,850.0,DC54D+Z,,,,,,,235,08,2026-06-30
initial-000024,BR_00000001,20,0030118934-000020,0030118934-000020,0030118934-000020,BR_00000001,normal_real,238.96,1060.0,0.95,820.0,840.0,HX220BD+Z,,,,,,,236,08,2026-05-31
initial-000024,BR_00000001,21,0030124824-000020,0030124824-000020,0030124824-000020,BR_00000006,normal_real,430.0,1055.0,0.95,820.0,840.0,DX53D+Z,,,,,,,237,08,2026-06-30
initial-000024,BR_00000001,22,0030119031-000020,0030119031-000020,0030119031-000020,BR_00000001,normal_real,26.67,1055.0,0.95,820.0,840.0,DX53D+Z,,,,,,,238,08,2026-05-31
initial-000024,BR_00000001,23,0030118093-000060,0030118093-000060,0030118093-000060,BR_00000001,normal_real,31.46,1048.0,0.8,820.0,840.0,DC53D+Z,,,,,,,239,08,2026-05-31
initial-000024,BR_00000001,24,0030123145-000020,0030123145-000020,0030123145-000020,BR_00000006,normal_real,21.43,1010.0,0.8,810.0,830.0,HC180YD+Z,,,,,,,240,08,2026-06-30
initial-000024,BR_00000001,25,0030122899-000010,0030122899-000010,0030122899-000010,BR_00000006,actual_transition,60.0,1000.0,0.8,700.0,840.0,DC51D+Z,,,,,,,241,08,2026-06-30
initial-000024,BR_00000001,26,0030122480-000090,0030122480-000090,0030122480-000090,BR_00000006,normal_real,22.0,990.0,0.7,830.0,850.0,DX53D+Z,,,,,,,242,08,2026-06-30
initial-000024,BR_00000001,27,0030120940-000030,0030120940-000030,0030120940-000030,BR_00000002,normal_real,18.0,950.0,0.7,830.0,850.0,DC56D+Z,,,,,,,243,08,2026-06-10
initial-000024,BR_00000001,28,0030122480-000040,0030122480-000040,0030122480-000040,BR_00000006,normal_real,72.0,950.0,0.7,830.0,850.0,DX54D+Z,,,,,,,244,08,2026-06-30
initial-000024,BR_00000001,29,0030120745-000010,0030120745-000010,0030120745-000010,BR_00000001,normal_real,12.99,865.0,0.8,830.0,850.0,DX53D+Z,,,,,,,245,08,2026-06-05
initial-000024,BR_00000001,30,virtual-000030,,,,virtual_sphc,20.0,1000.0,1.0,830.0,850.0,SPHC,,,virtual_sphc:1000x1,edge_bridge,30,,246,08,不适用
initial-000024,BR_00000001,31,0030125097-000010,0030125097-000010,0030125097-000010,BR_00000006,normal_real,7.65,870.0,1.2,830.0,850.0,DC56D+Z,,,,,,,247,08,2026-06-30
initial-000025,BR_00000001,0,0030121196-000030,0030121196-000030,0030121196-000030,BR_00000002,normal_real,46.91,1500.0,0.7,770.0,790.0,HC340/590DPD+Z,,,,,,,248,09,2026-06-10
initial-000025,BR_00000001,1,0030123053-000010,0030123053-000010,0030123053-000010,BR_00000006,actual_transition,48.0,1440.0,0.8,700.0,840.0,DC51D+Z,,,,,,,249,09,2026-06-30
initial-000025,BR_00000001,2,0030118957-000010,0030118957-000010,0030118957-000010,BR_00000001,normal_real,48.0,1360.0,0.7,700.0,720.0,DX51D+Z3,,,,,,,250,09,2026-05-31
initial-000025,BR_00000001,3,0030124735-000090,0030124735-000090,0030124735-000090,BR_00000006,actual_transition,24.0,1325.0,0.7,700.0,840.0,DX51D+Z,,,,,,,251,09,2026-06-30
initial-000025,BR_00000001,4,0002002195-000120,0002002195-000120,0002002195-000120,BR_00000006,normal_real,72.0,1315.0,0.65,770.0,810.0,DC51D+Z,,,,,,,252,09,2026-06-30
initial-000025,BR_00000001,5,0002002202-000090,0002002202-000090,0002002202-000090,BR_00000006,normal_real,138.0,1280.0,0.65,770.0,810.0,DC51D+Z,,,,,,,253,09,2026-06-30
initial-000025,BR_00000001,6,0030123916-000040,0030123916-000040,0030123916-000040,BR_00000006,actual_transition,23.0,1250.0,0.6,700.0,840.0,DC51D+Z,,,,,,,254,09,2026-06-30
initial-000025,BR_00000001,7,0030118006-000020,0030118006-000020,0030118006-000020,BR_00000001,normal_real,29.28,1240.0,0.6,700.0,840.0,DC51D+Z,,,,,,,255,09,2026-05-31
initial-000025,BR_00000001,8,0030125207-000050,0030125207-000050,0030125207-000050,BR_00000006,normal_real,48.0,1233.0,0.7,770.0,810.0,DC51D+Z,,,,,,,256,09,2026-06-30
initial-000025,BR_00000001,9,0010019680-000010,0010019680-000010,0010019680-000010,BR_00000006,normal_real,48.0,1170.0,0.6,700.0,840.0,DC51D+Z-D,,,,,,,257,09,2026-06-30
initial-000025,BR_00000001,10,0002002184-000060,0002002184-000060,0002002184-000060,BR_00000006,normal_real,23.0,1170.0,0.6,770.0,810.0,DC51D+Z,,,,,,,258,09,2026-06-30
initial-000025,BR_00000001,11,0010019680-000030,0010019680-000030,0010019680-000030,BR_00000006,normal_real,48.0,1160.0,0.6,700.0,840.0,DC51D+Z-D,,,,,,,259,09,2026-06-30
initial-000025,BR_00000001,12,0030124827-000010,0030124827-000010,0030124827-000010,BR_00000006,normal_real,70.0,1140.0,0.75,730.0,750.0,DX51D+Z,,,,,,,260,09,2026-06-30
initial-000025,BR_00000001,13,0030124827-000020,0030124827-000020,0030124827-000020,BR_00000006,normal_real,50.0,1100.0,0.75,730.0,750.0,DX51D+Z,,,,,,,261,09,2026-06-30
initial-000025,BR_00000001,14,0030124871-000130,0030124871-000130,0030124871-000130,BR_00000006,normal_real,180.0,1100.0,0.75,730.0,750.0,DX51D+Z,,,,,,,262,09,2026-06-30
initial-000025,BR_00000001,15,0010019680-000020,0010019680-000020,0010019680-000020,BR_00000006,normal_real,69.0,1072.0,0.75,730.0,750.0,DC51D+Z-D,,,,,,,263,09,2026-06-30
initial-000025,BR_00000001,16,0030124826-000040,0030124826-000040,0030124826-000040,BR_00000006,normal_real,50.0,1055.0,0.6,730.0,750.0,DX51D+Z,,,,,,,264,09,2026-06-30
initial-000025,BR_00000001,17,0030124824-000040,0030124824-000040,0030124824-000040,BR_00000006,normal_real,92.95,1055.0,0.6,730.0,750.0,DX51D+Z,,,,,,,265,09,2026-06-30
initial-000025,BR_00000001,18,0030120951-000010,0030120951-000010,0030120951-000010,BR_00000002,normal_real,32.24,1050.0,0.7,700.0,840.0,DX51D+Z,,,,,,,266,09,2026-06-10
initial-000025,BR_00000001,19,0002002180-000350,0002002180-000350,0002002180-000350,BR_00000006,normal_real,20.0,1025.0,0.6,810.0,830.0,180YD+Z,,,,,,,267,09,2026-06-30
initial-000025,BR_00000001,20,0002002006-000230,0002002006-000230,0002002006-000230,BR_00000001,normal_real,21.76,1020.0,0.6,810.0,830.0,180YD+Z,,,,,,,268,09,2026-05-31
initial-000025,BR_00000001,21,0030124457-000010,0030124457-000010,0030124457-000010,BR_00000006,normal_real,44.0,1001.0,0.6,820.0,840.0,DX53D+Z,,,,,,,269,09,2026-06-30
initial-000025,BR_00000001,22,0002002180-000010,0002002180-000010,0002002180-000010,BR_00000006,normal_real,39.0,985.0,0.6,810.0,830.0,180YD+Z,,,,,,,270,09,2026-06-30
initial-000025,BR_00000001,23,0002002176-000120,0002002176-000120,0002002176-000120,BR_00000006,normal_real,25.0,913.0,0.6,810.0,830.0,180YD+Z,,,,,,,271,09,2026-06-30
initial-000025,BR_00000001,24,0030124437-000010,0030124437-000010,0030124437-000010,BR_00000006,actual_transition,18.0,910.0,0.8,700.0,840.0,DC51D+Z,,,,,,,272,09,2026-06-30
initial-000025,BR_00000001,25,virtual-000023,,,,virtual_sphc,20.0,1000.0,1.0,700.0,840.0,SPHC,,,virtual_sphc:1000x1,edge_bridge,23,,273,09,不适用
initial-000025,BR_00000001,26,0005000563-000220,0005000563-000220,0005000563-000220,BR_00000006,normal_real,18.22,928.0,1.2,820.0,840.0,CR210BH,,,,,,,274,09,2026-06-30
initial-000026,BR_00000001,0,0030122898-000030,0030122898-000030,0030122898-000030,BR_00000006,actual_transition,96.0,1500.0,2.5,700.0,720.0,DC51D+Z,,,,,,,275,10,2026-06-30
initial-000026,BR_00000001,1,0030124735-000130,0030124735-000130,0030124735-000130,BR_00000006,actual_transition,24.0,1250.0,2.45,700.0,720.0,DC51D+Z,,,,,,,276,10,2026-06-30
initial-000026,BR_00000001,2,0030122898-000040,0030122898-000040,0030122898-000040,BR_00000006,actual_transition,240.0,1250.0,2.5,700.0,720.0,DC51D+Z,,,,,,,277,10,2026-06-30
initial-000026,BR_00000001,3,0030122899-000050,0030122899-000050,0030122899-000050,BR_00000006,actual_transition,240.0,1250.0,2.5,700.0,720.0,DC51D+Z,,,,,,,278,10,2026-06-30
initial-000026,BR_00000001,4,0030121724-000020,0030121724-000020,0030121724-000020,BR_00000002,actual_transition,195.2,1250.0,2.5,700.0,720.0,DC51D+Z,,,,,,,279,10,2026-06-10
initial-000026,BR_00000001,5,0030118921-000020,0030118921-000020,0030118921-000020,BR_00000001,actual_transition,23.0,1110.0,2.49,700.0,720.0,DC51D+Z,,,,,,,280,10,2026-05-31
initial-000026,BR_00000001,6,0010020206-000030,0010020206-000030,0010020206-000030,BR_00000006,actual_transition,110.0,1000.0,2.5,700.0,720.0,DC51D+Z,,,,,,,281,10,2026-06-30
initial-000026,BR_00000001,7,virtual-000024,,,,virtual_sphc,20.0,1000.0,2.0,700.0,850.0,SPHC,,,virtual_sphc:1000x2,edge_bridge,24,,282,10,不适用
initial-000026,BR_00000001,8,virtual-000025,,,,virtual_sphc,20.0,1000.0,1.5,700.0,850.0,SPHC,,,virtual_sphc:1000x1.5,edge_bridge,25,,283,10,不适用
initial-000026,BR_00000001,9,0005000546-000010,0005000546-000010,0005000546-000010,BR_00000001,normal_real,7.0,1015.0,1.4,830.0,850.0,CR3,,,,,,,284,10,2026-05-31
initial-000027,BR_00000001,0,0002002185-000030,0002002185-000030,0002002185-000030,BR_00000006,normal_real,23.0,1373.0,1.6,770.0,810.0,DC51D+Z,,,,,,,285,11,2026-06-30
initial-000027,BR_00000001,1,0002002170-000040,0002002170-000040,0002002170-000040,BR_00000006,normal_real,23.0,1251.0,1.8,770.0,810.0,DC51D+Z,,,,,,,286,11,2026-06-30
initial-000027,BR_00000001,2,0030123653-000010,0030123653-000010,0030123653-000010,BR_00000006,normal_real,96.0,1225.0,1.5,700.0,840.0,DC51D+Z,,,,,,,287,11,2026-06-30
initial-000027,BR_00000001,3,0002002053-000100,0002002053-000100,0002002053-000100,BR_00000001,normal_real,92.0,1219.0,1.5,820.0,840.0,DX53D+Z-MD,,,,,,,288,11,2026-05-31
initial-000027,BR_00000001,4,0005000548-000050,0005000548-000050,0005000548-000050,BR_00000001,normal_real,7.0,1214.0,1.5,820.0,840.0,CR240BH,,,,,,,289,11,2026-05-31
initial-000027,BR_00000001,5,0030124772-000010,0030124772-000010,0030124772-000010,BR_00000006,actual_transition,24.0,1200.0,1.5,700.0,840.0,DC51D+Z,,,,,,,290,11,2026-06-30
initial-000027,BR_00000001,6,0002002195-000090,0002002195-000090,0002002195-000090,BR_00000006,normal_real,48.0,1200.0,1.6,795.0,815.0,220YD+Z,,,,,,,291,11,2026-06-30
initial-000027,BR_00000001,7,0002002202-000260,0002002202-000260,0002002202-000260,BR_00000006,normal_real,15.93,1175.0,1.6,770.0,810.0,DC51D+Z,,,,,,,292,11,2026-06-30
initial-000027,BR_00000001,8,0002002202-000120,0002002202-000120,0002002202-000120,BR_00000006,normal_real,23.0,1163.0,1.4,770.0,810.0,DC51D+Z,,,,,,,293,11,2026-06-30
initial-000027,BR_00000001,9,0002002006-000190,0002002006-000190,0002002006-000190,BR_00000001,normal_real,7.7,1152.0,1.2,770.0,810.0,DC51D+Z,,,,,,,294,11,2026-05-31
initial-000027,BR_00000001,10,0002002202-000220,0002002202-000220,0002002202-000220,BR_00000006,normal_real,23.0,1115.0,1.2,770.0,810.0,DC51D+Z,,,,,,,295,11,2026-06-30
initial-000027,BR_00000001,11,0002002185-000010,0002002185-000010,0002002185-000010,BR_00000006,normal_real,23.0,1113.0,1.2,770.0,810.0,DC51D+Z,,,,,,,296,11,2026-06-30
initial-000027,BR_00000001,12,0002002169-000010,0002002169-000010,0002002169-000010,BR_00000006,normal_real,25.0,1090.0,1.4,770.0,810.0,DC51D+Z,,,,,,,297,11,2026-06-30
initial-000027,BR_00000001,13,0002002202-000010,0002002202-000010,0002002202-000010,BR_00000006,normal_real,19.0,1085.0,1.4,770.0,810.0,DC51D+Z,,,,,,,298,11,2026-06-30
initial-000027,BR_00000001,14,0002002202-000240,0002002202-000240,0002002202-000240,BR_00000006,normal_real,19.0,1065.0,1.4,770.0,810.0,DC51D+Z,,,,,,,299,11,2026-06-30
initial-000027,BR_00000001,15,0002002202-000300,0002002202-000300,0002002202-000300,BR_00000006,normal_real,30.0,1030.0,1.6,770.0,810.0,DC51D+Z,,,,,,,300,11,2026-06-30
initial-000027,BR_00000001,16,0002002202-000230,0002002202-000230,0002002202-000230,BR_00000006,normal_real,19.0,1020.0,1.4,770.0,810.0,DC51D+Z,,,,,,,301,11,2026-06-30
initial-000027,BR_00000001,17,0030118934-000010,0030118934-000010,0030118934-000010,BR_00000001,normal_real,130.44,910.0,1.15,800.0,820.0,HX260YD+Z,,,,,,,302,11,2026-05-31
initial-000027,BR_00000001,18,0002002180-000060,0002002180-000060,0002002180-000060,BR_00000006,normal_real,20.0,921.0,1.2,770.0,810.0,DC51D+Z,,,,,,,303,11,2026-06-30
initial-000027,BR_00000001,19,0002002170-000140,0002002170-000140,0002002170-000140,BR_00000006,normal_real,16.0,899.0,1.2,770.0,810.0,DC51D+Z,,,,,,,304,11,2026-06-30
initial-000027,BR_00000001,20,0002002170-000070,0002002170-000070,0002002170-000070,BR_00000006,normal_real,16.0,890.0,1.2,770.0,810.0,DC51D+Z,,,,,,,305,11,2026-06-30
initial-000006,BR_00000001,0,0030119860-000010,0030119860-000010,0030119860-000010,BR_00000001,normal_real,38.27,1360.0,0.7,820.0,840.0,DC53D+Z,,,,,,,306,12,2026-05-31
initial-000006,BR_00000001,1,0002002184-000040,0002002184-000040,0002002184-000040,BR_00000006,normal_real,92.0,1354.0,0.7,830.0,850.0,DC56D+Z,,,,,,,307,12,2026-06-30
initial-000006,BR_00000001,2,0030125207-000110,0030125207-000110,0030125207-000110,BR_00000006,normal_real,24.0,1353.0,0.7,830.0,850.0,DC53D+Z,,,,,,,308,12,2026-06-30
initial-000006,BR_00000001,3,0030118802-000010,0030118802-000010,0030118802-000010,BR_00000001,normal_real,14.77,1350.0,0.6,820.0,840.0,HC180BD+Z,,,,,,,309,12,2026-05-31
initial-000006,BR_00000001,4,0002002055-000050,0002002055-000050,0002002055-000050,BR_00000001,normal_real,280.12,1310.0,0.6,815.0,835.0,DX51D+Z-MD,,,,,,,310,12,2026-05-31
initial-000006,BR_00000001,5,0010019718-000020,0010019718-000020,0010019718-000020,BR_00000006,actual_transition,58.0,1300.0,0.5,700.0,840.0,DC51D+Z,,,,,,,311,12,2026-06-30
initial-000006,BR_00000001,6,0002002055-000010,0002002055-000010,0002002055-000010,BR_00000001,normal_real,70.55,1250.0,0.5,815.0,835.0,DX51D+Z-MD,,,,,,,312,12,2026-05-31
initial-000006,BR_00000001,7,0002002053-000130,0002002053-000130,0002002053-000130,BR_00000001,normal_real,23.0,1250.0,0.6,820.0,840.0,DX53D+Z-MD,,,,,,,313,12,2026-05-31
initial-000006,BR_00000001,8,0002002176-000160,0002002176-000160,0002002176-000160,BR_00000006,normal_real,13.76,1220.0,0.65,830.0,850.0,DC53D+Z,,,,,,,314,12,2026-06-30
initial-000006,BR_00000001,9,0030122086-000010,0030122086-000010,0030122086-000010,BR_00000003,normal_real,48.0,1220.0,0.65,830.0,850.0,DC56D+Z,,,,,,,315,12,2026-06-15
initial-000006,BR_00000001,10,0030124871-000010,0030124871-000010,0030124871-000010,BR_00000006,normal_real,25.0,1200.0,0.75,820.0,840.0,DX53D+Z,,,,,,,316,12,2026-06-30
initial-000006,BR_00000001,11,0030117283-000030,0030117283-000030,0030117283-000030,BR_00000001,normal_real,13.32,1190.0,0.7,830.0,850.0,SCG4+Z,,,,,,,317,12,2026-05-31
initial-000006,BR_00000001,12,0030118093-000010,0030118093-000010,0030118093-000010,BR_00000001,normal_real,122.84,1165.0,0.6,700.0,840.0,DC51D+Z,,,,,,,318,12,2026-05-31
initial-000006,BR_00000001,13,0030117932-000010,0030117932-000010,0030117932-000010,BR_00000001,normal_real,99.77,1162.0,0.6,700.0,840.0,DC51D+Z,,,,,,,319,12,2026-05-31
initial-000006,BR_00000001,14,0002002176-000010,0002002176-000010,0002002176-000010,BR_00000006,normal_real,15.0,1150.0,0.65,770.0,810.0,DC51D+Z,,,,,,,320,12,2026-06-30
initial-000006,BR_00000001,15,0002002148-000010,0002002148-000010,0002002148-000010,BR_00000006,normal_real,300.0,1148.0,0.65,770.0,810.0,DC51D+Z,,,,,,,321,12,2026-06-30
initial-000006,BR_00000001,16,0002002195-000070,0002002195-000070,0002002195-000070,BR_00000006,normal_real,145.0,1148.0,0.65,770.0,810.0,DC51D+Z,,,,,,,322,12,2026-06-30
initial-000006,BR_00000001,17,0002002202-000060,0002002202-000060,0002002202-000060,BR_00000006,normal_real,46.0,1145.0,0.7,770.0,810.0,DC51D+Z,,,,,,,323,12,2026-06-30
initial-000006,BR_00000001,18,0002002176-000210,0002002176-000210,0002002176-000210,BR_00000006,normal_real,15.0,1042.0,0.6,770.0,810.0,DC51D+Z,,,,,,,324,12,2026-06-30
initial-000006,BR_00000001,19,0002002185-000150,0002002185-000150,0002002185-000150,BR_00000006,normal_real,16.0,990.0,0.6,770.0,810.0,DC51D+Z,,,,,,,325,12,2026-06-30
initial-000006,BR_00000001,20,0002002195-000020,0002002195-000020,0002002195-000020,BR_00000006,normal_real,44.0,985.0,0.65,770.0,810.0,DC51D+Z,,,,,,,326,12,2026-06-30
initial-000006,BR_00000001,21,0002002170-000280,0002002170-000280,0002002170-000280,BR_00000006,normal_real,19.0,971.0,0.65,770.0,810.0,DC51D+Z,,,,,,,327,12,2026-06-30
initial-000006,BR_00000001,22,0002002195-000010,0002002195-000010,0002002195-000010,BR_00000006,normal_real,10.0,918.0,0.65,770.0,810.0,DC51D+Z,,,,,,,328,12,2026-06-30
initial-000006,BR_00000001,23,0002002195-000210,0002002195-000210,0002002195-000210,BR_00000006,normal_real,8.86,830.0,0.6,770.0,810.0,DC51D+Z,,,,,,,329,12,2026-06-30
initial-000006,BR_00000001,24,0002002009-000020,0002002009-000020,0002002009-000020,BR_00000001,normal_real,8.14,828.0,0.65,770.0,810.0,DC51D+Z,,,,,,,330,12,2026-05-31
initial-000023,BR_00000001,0,0030125102-000010,0030125102-000010,0030125102-000010,BR_00000006,normal_real,72.0,1182.0,0.7,820.0,840.0,DC53D+Z,,,,,,,331,13,2026-06-30
initial-000023,BR_00000001,1,0030118934-000050,0030118934-000050,0030118934-000050,BR_00000001,normal_real,15.37,1160.0,0.7,830.0,850.0,DX54D+Z,,,,,,,332,13,2026-05-31
initial-000023,BR_00000001,2,0002002185-000060,0002002185-000060,0002002185-000060,BR_00000006,normal_real,23.0,1155.0,0.65,830.0,850.0,DC54D+Z,,,,,,,333,13,2026-06-30
initial-000023,BR_00000001,3,0002002170-000180,0002002170-000180,0002002170-000180,BR_00000006,normal_real,46.0,1133.0,0.7,830.0,850.0,DC53D+Z,,,,,,,334,13,2026-06-30
initial-000023,BR_00000001,4,0005000545-000020,0005000545-000020,0005000545-000020,BR_00000001,normal_real,9.59,1130.0,0.7,820.0,840.0,CR210BH,,,,,,,335,13,2026-05-31
initial-000023,BR_00000001,5,0030119041-000020,0030119041-000020,0030119041-000020,BR_00000001,normal_real,16.85,1120.0,0.6,820.0,840.0,HC180BD+Z,,,,,,,336,13,2026-05-31
initial-000023,BR_00000001,6,0030119959-000010,0030119959-000010,0030119959-000010,BR_00000001,normal_real,23.0,1120.0,0.65,830.0,850.0,DC54D+Z,,,,,,,337,13,2026-05-31
initial-000023,BR_00000001,7,0030124772-000060,0030124772-000060,0030124772-000060,BR_00000006,normal_real,23.0,1120.0,0.65,830.0,850.0,DC54D+Z,,,,,,,338,13,2026-06-30
initial-000023,BR_00000001,8,0030118934-000060,0030118934-000060,0030118934-000060,BR_00000001,normal_real,188.59,1120.0,0.7,830.0,850.0,DX54D+Z,,,,,,,339,13,2026-05-31
initial-000023,BR_00000001,9,0002002180-000270,0002002180-000270,0002002180-000270,BR_00000006,normal_real,20.0,1100.0,0.65,830.0,850.0,DC53D+Z,,,,,,,340,13,2026-06-30
initial-000023,BR_00000001,10,0002002170-000210,0002002170-000210,0002002170-000210,BR_00000006,normal_real,45.97,1095.0,0.7,830.0,850.0,DC53D+Z,,,,,,,341,13,2026-06-30
initial-000023,BR_00000001,11,0030119032-000020,0030119032-000020,0030119032-000020,BR_00000001,normal_real,10.4,1080.0,0.75,820.0,840.0,DX53D+Z,,,,,,,342,13,2026-05-31
initial-000023,BR_00000001,12,0030117933-000010,0030117933-000010,0030117933-000010,BR_00000001,normal_real,10.9,1075.0,0.7,700.0,840.0,DX51D+Z,,,,,,,343,13,2026-05-31
initial-000023,BR_00000001,13,0030121690-000040,0030121690-000040,0030121690-000040,BR_00000002,normal_real,11.87,1070.0,0.67,820.0,840.0,HC220BD+Z,,,,,,,344,13,2026-06-10
initial-000023,BR_00000001,14,0030122480-000080,0030122480-000080,0030122480-000080,BR_00000006,normal_real,69.0,1060.0,0.65,830.0,850.0,DX53D+Z,,,,,,,345,13,2026-06-30
initial-000023,BR_00000001,15,0030120757-000020,0030120757-000020,0030120757-000020,BR_00000001,normal_real,17.37,1044.0,0.7,830.0,850.0,DC54D+Z,,,,,,,346,13,2026-06-05
initial-000023,BR_00000001,16,0030122480-000110,0030122480-000110,0030122480-000110,BR_00000006,normal_real,110.0,1040.0,0.7,830.0,850.0,DX53D+Z,,,,,,,347,13,2026-06-30
initial-000023,BR_00000001,17,0030118799-000010,0030118799-000010,0030118799-000010,BR_00000001,normal_real,7.55,1010.0,0.65,820.0,840.0,HC180BD+Z,,,,,,,348,13,2026-05-31
initial-000023,BR_00000001,18,0030123256-000010,0030123256-000010,0030123256-000010,BR_00000006,normal_real,100.0,1010.0,0.65,820.0,840.0,HC180BD+Z,,,,,,,349,13,2026-06-30
initial-000023,BR_00000001,19,0002002170-000170,0002002170-000170,0002002170-000170,BR_00000006,normal_real,100.0,1000.0,0.65,810.0,830.0,180YD+Z,,,,,,,350,13,2026-06-30
initial-000023,BR_00000001,20,0005000563-000210,0005000563-000210,0005000563-000210,BR_00000006,normal_real,21.0,995.0,0.7,800.0,820.0,CR2,,,,,,,351,13,2026-06-30
initial-000023,BR_00000001,21,0030123145-000010,0030123145-000010,0030123145-000010,BR_00000006,normal_real,51.02,975.0,0.65,810.0,830.0,HC180YD+Z,,,,,,,352,13,2026-06-30
initial-000023,BR_00000001,22,0030123255-000030,0030123255-000030,0030123255-000030,BR_00000006,normal_real,36.0,935.0,0.65,820.0,840.0,DC56D+Z,,,,,,,353,13,2026-06-30
initial-000023,BR_00000001,23,0030123256-000020,0030123256-000020,0030123256-000020,BR_00000006,normal_real,92.21,930.0,0.65,820.0,840.0,HC180BD+Z,,,,,,,354,13,2026-06-30
initial-000023,BR_00000001,24,0002002162-000070,0002002162-000070,0002002162-000070,BR_00000006,normal_real,18.0,930.0,0.6,830.0,850.0,DC54D+Z,,,,,,,355,13,2026-06-30
initial-000023,BR_00000001,25,0002002184-000190,0002002184-000190,0002002184-000190,BR_00000006,normal_real,64.0,840.0,0.6,830.0,850.0,DC56D+Z,,,,,,,356,13,2026-06-30
initial-000005,BR_00000001,0,0030123142-000040,0030123142-000040,0030123142-000040,BR_00000006,normal_real,156.0,1360.0,0.65,830.0,850.0,SCG4+Z,,,,,,,357,14,2026-06-30
initial-000005,BR_00000001,1,0030124871-000120,0030124871-000120,0030124871-000120,BR_00000006,normal_real,220.0,1360.0,0.6,820.0,840.0,DX53D+Z,,,,,,,358,14,2026-06-30
initial-000005,BR_00000001,2,0030125150-000030,0030125150-000030,0030125150-000030,BR_00000006,normal_real,96.0,1360.0,0.7,810.0,830.0,HC180YD+Z,,,,,,,359,14,2026-06-30
initial-000005,BR_00000001,3,0030124683-000040,0030124683-000040,0030124683-000040,BR_00000006,normal_real,192.0,1360.0,0.7,810.0,830.0,HC180YD+Z,,,,,,,360,14,2026-06-30
initial-000005,BR_00000001,4,0030119860-000040,0030119860-000040,0030119860-000040,BR_00000001,normal_real,180.24,1360.0,0.7,810.0,830.0,HC180YD+Z,,,,,,,361,14,2026-05-31
initial-000005,BR_00000001,5,0030125150-000010,0030125150-000010,0030125150-000010,BR_00000006,normal_real,24.0,1360.0,0.7,820.0,840.0,DC53D+Z,,,,,,,362,14,2026-06-30
initial-000005,BR_00000001,6,0030124683-000010,0030124683-000010,0030124683-000010,BR_00000006,normal_real,96.0,1360.0,0.7,820.0,840.0,DC53D+Z,,,,,,,363,14,2026-06-30
initial-000005,BR_00000001,7,0002002054-000260,0002002054-000260,0002002054-000260,BR_00000001,normal_real,293.39,1150.0,0.6,820.0,840.0,DX53D+Z-MD,,,,,,,364,14,2026-05-31
initial-000005,BR_00000001,8,0002002170-000310,0002002170-000310,0002002170-000310,BR_00000006,normal_real,23.0,1120.0,0.6,810.0,830.0,180YD+Z,,,,,,,365,14,2026-06-30
initial-000005,BR_00000001,9,0002002054-000310,0002002054-000310,0002002054-000310,BR_00000001,normal_real,11.7,1100.0,0.5,820.0,840.0,DX53D+Z-CD,,,,,,,366,14,2026-05-31
initial-000005,BR_00000001,10,0030123142-000030,0030123142-000030,0030123142-000030,BR_00000006,normal_real,132.0,1090.0,0.55,830.0,850.0,SCG4+Z,,,,,,,367,14,2026-06-30
initial-000005,BR_00000001,11,0030123425-000010,0030123425-000010,0030123425-000010,BR_00000006,normal_real,132.0,1090.0,0.55,830.0,850.0,SCG4+Z,,,,,,,368,14,2026-06-30
initial-000005,BR_00000001,12,0030117284-000030,0030117284-000030,0030117284-000030,BR_00000001,normal_real,13.54,1090.0,0.55,830.0,850.0,SCG4+Z,,,,,,,369,14,2026-05-31
initial-000005,BR_00000001,13,0030118093-000030,0030118093-000030,0030118093-000030,BR_00000001,normal_real,13.15,1050.0,0.5,820.0,840.0,DC53D+Z,,,,,,,370,14,2026-05-31
initial-000005,BR_00000001,14,0030124826-000030,0030124826-000030,0030124826-000030,BR_00000006,normal_real,30.0,1050.0,0.6,820.0,840.0,DX53D+Z,,,,,,,371,14,2026-06-30
initial-000005,BR_00000001,15,0002002170-000360,0002002170-000360,0002002170-000360,BR_00000006,normal_real,40.0,1030.0,0.6,830.0,850.0,DC54D+Z,,,,,,,372,14,2026-06-30
initial-000005,BR_00000001,16,0030124437-000020,0030124437-000020,0030124437-000020,BR_00000006,normal_real,22.0,1003.0,0.8,830.0,850.0,DC54D+Z,,,,,,,373,14,2026-06-30
initial-000005,BR_00000001,17,0030119215-000010,0030119215-000010,0030119215-000010,BR_00000001,normal_real,22.0,1001.0,0.6,820.0,840.0,DC53D+Z,,,,,,,374,14,2026-05-31
initial-000005,BR_00000001,18,0010018206-000010,0010018206-000010,0010018206-000010,BR_00000001,actual_transition,31.76,1000.0,0.5,700.0,840.0,DC51D+Z,,,,,,,375,14,2026-05-31
initial-000005,BR_00000001,19,0030122066-000020,0030122066-000020,0030122066-000020,BR_00000003,normal_real,24.0,1000.0,0.6,830.0,850.0,DC54D+Z,,,,,,,376,14,2026-06-15
initial-000005,BR_00000001,20,0030122480-000100,0030122480-000100,0030122480-000100,BR_00000006,normal_real,154.0,995.0,0.7,830.0,850.0,DX53D+Z,,,,,,,377,14,2026-06-30
initial-000005,BR_00000001,21,0005000563-000270,0005000563-000270,0005000563-000270,BR_00000006,normal_real,18.0,968.0,0.8,830.0,850.0,CR180BH,,,,,,,378,14,2026-06-30
initial-000005,BR_00000001,22,0002002162-000080,0002002162-000080,0002002162-000080,BR_00000006,normal_real,18.0,950.0,0.8,830.0,850.0,DC56D+Z,,,,,,,379,14,2026-06-30
initial-000005,BR_00000001,23,0030118632-000010,0030118632-000010,0030118632-000010,BR_00000001,normal_real,16.85,939.0,0.8,830.0,850.0,DC56D+Z,,,,,,,380,14,2026-05-31
initial-000005,BR_00000001,24,0002002184-000020,0002002184-000020,0002002184-000020,BR_00000006,normal_real,16.0,883.0,0.65,830.0,850.0,DC53D+Z,,,,,,,381,14,2026-06-30
initial-000005,BR_00000001,25,0030122080-000010,0030122080-000010,0030122080-000010,BR_00000003,normal_real,14.4,865.0,0.8,830.0,850.0,DX53D+Z,,,,,,,382,14,2026-06-15
initial-000020,BR_00000001,0,0030124871-000080,0030124871-000080,0030124871-000080,BR_00000006,normal_real,60.0,1575.0,0.95,710.0,730.0,DX51D+Z,,,,,,,383,15,2026-06-30
initial-000020,BR_00000001,1,0030124871-000140,0030124871-000140,0030124871-000140,BR_00000006,normal_real,30.0,1550.0,0.95,710.0,730.0,DX51D+Z,,,,,,,384,15,2026-06-30
initial-000020,BR_00000001,2,0010019881-000030,0010019881-000030,0010019881-000030,BR_00000006,actual_transition,26.0,1500.0,0.95,700.0,840.0,DC51D+Z,,,,,,,385,15,2026-06-30
initial-000020,BR_00000001,3,0002002195-000190,0002002195-000190,0002002195-000190,BR_00000006,normal_real,24.0,1500.0,1.0,830.0,850.0,DC54D+Z,,,,,,,386,15,2026-06-30
initial-000020,BR_00000001,4,0010020206-000110,0010020206-000110,0010020206-000110,BR_00000006,actual_transition,117.45,1500.0,1.2,700.0,840.0,DC51D+Z,,,,,,,387,15,2026-06-30
initial-000020,BR_00000001,5,0005000571-000040,0005000571-000040,0005000571-000040,BR_00000006,normal_real,10.0,1458.0,1.5,830.0,850.0,CR180BH,,,,,,,388,15,2026-06-30
initial-000020,BR_00000001,6,0005000562-000050,0005000562-000050,0005000562-000050,BR_00000006,normal_real,23.0,1370.0,1.5,830.0,850.0,CR3,,,,,,,389,15,2026-06-30
initial-000020,BR_00000001,7,0002002058-000020,0002002058-000020,0002002058-000020,BR_00000001,normal_real,18.91,1260.0,1.5,820.0,840.0,DX53D+Z-CD,,,,,,,390,15,2026-05-31
initial-000020,BR_00000001,8,0030123653-000020,0030123653-000020,0030123653-000020,BR_00000006,normal_real,24.0,1250.0,1.2,700.0,840.0,DC51D+Z,,,,,,,391,15,2026-06-30
initial-000020,BR_00000001,9,0002002054-000230,0002002054-000230,0002002054-000230,BR_00000001,normal_real,2.05,1236.0,1.0,820.0,840.0,DX53D+Z-CD,,,,,,,392,15,2026-05-31
initial-000020,BR_00000001,10,0002002053-000150,0002002053-000150,0002002053-000150,BR_00000001,normal_real,18.76,1219.0,0.8,815.0,835.0,DX51D+Z-MD,,,,,,,393,15,2026-05-31
initial-000020,BR_00000001,11,0002002055-000070,0002002055-000070,0002002055-000070,BR_00000001,normal_real,491.0,1191.0,0.6,820.0,840.0,DX53D+Z-MD,,,,,,,394,15,2026-05-31
initial-000020,BR_00000001,12,0030123653-000030,0030123653-000030,0030123653-000030,BR_00000006,normal_real,48.0,1200.0,0.8,700.0,840.0,DC51D+Z,,,,,,,395,15,2026-06-30
initial-000020,BR_00000001,13,0030125147-000010,0030125147-000010,0030125147-000010,BR_00000006,normal_real,24.0,1200.0,1.0,820.0,840.0,DC53D+Z,,,,,,,396,15,2026-06-30
initial-000020,BR_00000001,14,0030120939-000080,0030120939-000080,0030120939-000080,BR_00000002,normal_real,46.0,1150.0,1.2,810.0,830.0,HC180YD+Z,,,,,,,397,15,2026-06-10
initial-000020,BR_00000001,15,0030120939-000070,0030120939-000070,0030120939-000070,BR_00000002,normal_real,23.0,1100.0,1.2,810.0,830.0,HC180YD+Z,,,,,,,398,15,2026-06-10
initial-000020,BR_00000001,16,0030120939-000060,0030120939-000060,0030120939-000060,BR_00000002,normal_real,23.45,1080.0,1.2,810.0,830.0,HC180YD+Z,,,,,,,399,15,2026-06-10
initial-000020,BR_00000001,17,0030117285-000070,0030117285-000070,0030117285-000070,BR_00000001,normal_real,12.8,1060.0,1.0,800.0,820.0,SCG260Y+Z,,,,,,,400,15,2026-05-31
initial-000020,BR_00000001,18,0002002021-000070,0002002021-000070,0002002021-000070,BR_00000001,normal_real,19.0,1044.0,1.0,770.0,810.0,DC51D+Z,,,,,,,401,15,2026-05-31
initial-000020,BR_00000001,19,0002002184-000160,0002002184-000160,0002002184-000160,BR_00000006,normal_real,16.0,1036.0,1.2,770.0,810.0,DC51D+Z,,,,,,,402,15,2026-06-30
initial-000020,BR_00000001,20,0030125207-000130,0030125207-000130,0030125207-000130,BR_00000006,normal_real,22.0,1011.0,1.2,800.0,820.0,HC260YD+Z,,,,,,,403,15,2026-06-30
initial-000020,BR_00000001,21,0030122899-000020,0030122899-000020,0030122899-000020,BR_00000006,actual_transition,187.98,1000.0,1.0,700.0,840.0,DC51D+Z,,,,,,,404,15,2026-06-30
initial-000020,BR_00000001,22,0030117110-000090,0030117110-000090,0030117110-000090,BR_00000001,normal_real,4.67,955.0,1.0,830.0,850.0,CR3,,,,,,,405,15,2026-05-31
initial-000020,BR_00000001,23,0005000563-000170,0005000563-000170,0005000563-000170,BR_00000006,normal_real,48.0,900.0,1.2,830.0,850.0,CR180BH,,,,,,,406,15,2026-06-30
initial-000019,BR_00000001,0,0030122647-000590,0030122647-000590,0030122647-000590,BR_00000006,normal_real,48.0,1500.0,2.49,820.0,840.0,DC53D+Z,,,,,,,407,16,2026-06-30
initial-000019,BR_00000001,1,0030119938-000340,0030119938-000340,0030119938-000340,BR_00000001,normal_real,48.0,1500.0,2.49,820.0,840.0,DC53D+Z,,,,,,,408,16,2026-05-31
initial-000019,BR_00000001,2,0030122647-000580,0030122647-000580,0030122647-000580,BR_00000006,normal_real,48.0,1363.0,2.49,820.0,840.0,DC53D+Z,,,,,,,409,16,2026-06-30
initial-000019,BR_00000001,3,0030122647-000570,0030122647-000570,0030122647-000570,BR_00000006,normal_real,48.0,1300.0,2.49,820.0,840.0,DC53D+Z,,,,,,,410,16,2026-06-30
initial-000019,BR_00000001,4,0030119938-000330,0030119938-000330,0030119938-000330,BR_00000001,normal_real,95.14,1300.0,2.49,820.0,840.0,DC53D+Z,,,,,,,411,16,2026-05-31
initial-000019,BR_00000001,5,0030119938-000320,0030119938-000320,0030119938-000320,BR_00000001,normal_real,24.6,1250.0,2.49,820.0,840.0,DC53D+Z,,,,,,,412,16,2026-05-31
initial-000019,BR_00000001,6,0030122647-000560,0030122647-000560,0030122647-000560,BR_00000006,normal_real,72.0,1250.0,2.49,820.0,840.0,DC53D+Z,,,,,,,413,16,2026-06-30
initial-000019,BR_00000001,7,0002002074-000010,0002002074-000010,0002002074-000010,BR_00000006,normal_real,150.0,1200.0,2.0,820.0,840.0,DX53D+Z-MD,,,,,,,414,16,2026-06-30
initial-000019,BR_00000001,8,virtual-000001,,,,virtual_sphc,20.0,1250.0,1.5,800.0,840.0,SPHC,,,virtual_sphc:1250x1.5,edge_bridge,1,,415,16,不适用
initial-000019,BR_00000001,9,virtual-000002,,,,virtual_sphc,20.0,1250.0,1.2,800.0,840.0,SPHC,,,virtual_sphc:1250x1.2,edge_bridge,2,,416,16,不适用
initial-000019,BR_00000001,10,0030123143-000070,0030123143-000070,0030123143-000070,BR_00000006,normal_real,88.0,1060.0,1.0,800.0,820.0,SCG260Y+Z,,,,,,,417,16,2026-06-30
initial-000019,BR_00000001,11,0002002202-000200,0002002202-000200,0002002202-000200,BR_00000006,normal_real,19.0,1055.0,1.0,770.0,810.0,DC51D+Z,,,,,,,418,16,2026-06-30
initial-000019,BR_00000001,12,0002002202-000180,0002002202-000180,0002002202-000180,BR_00000006,normal_real,19.0,1015.0,1.0,770.0,810.0,DC51D+Z,,,,,,,419,16,2026-06-30
initial-000019,BR_00000001,13,0002002202-000100,0002002202-000100,0002002202-000100,BR_00000006,normal_real,19.0,1001.0,1.2,770.0,810.0,DC51D+Z,,,,,,,420,16,2026-06-30
initial-000019,BR_00000001,14,0002002180-000170,0002002180-000170,0002002180-000170,BR_00000006,normal_real,20.0,930.0,1.0,770.0,810.0,DC51D+Z,,,,,,,421,16,2026-06-30
initial-000019,BR_00000001,15,0002002170-000060,0002002170-000060,0002002170-000060,BR_00000006,normal_real,32.0,900.0,1.0,770.0,810.0,DC51D+Z,,,,,,,422,16,2026-06-30
initial-000019,BR_00000001,16,0002002170-000120,0002002170-000120,0002002170-000120,BR_00000006,normal_real,23.0,836.0,1.0,770.0,810.0,DC51D+Z,,,,,,,423,16,2026-06-30
initial-000031,BR_00000001,0,0030119183-000010,0030119183-000010,0030119183-000010,BR_00000001,normal_real,1.02,1233.0,2.45,760.0,780.0,HC340/590DPD+Z,,,,,,,424,17,2026-05-31
initial-000031,BR_00000001,1,virtual-000003,,,,virtual_sphc,20.0,1250.0,2.5,760.0,840.0,SPHC,,,virtual_sphc:1250x2.5,edge_bridge,3,,425,17,不适用
initial-000031,BR_00000001,2,0030122647-000550,0030122647-000550,0030122647-000550,BR_00000006,normal_real,72.0,1200.0,2.49,820.0,840.0,DC53D+Z,,,,,,,426,17,2026-06-30
initial-000031,BR_00000001,3,0030119938-000310,0030119938-000310,0030119938-000310,BR_00000001,normal_real,72.86,1200.0,2.49,820.0,840.0,DC53D+Z,,,,,,,427,17,2026-05-31
initial-000031,BR_00000001,4,0030120757-000050,0030120757-000050,0030120757-000050,BR_00000001,normal_real,24.0,1164.0,2.0,830.0,850.0,DC54D+Z,,,,,,,428,17,2026-06-05
initial-000031,BR_00000001,5,0005000575-000020,0005000575-000020,0005000575-000020,BR_00000006,normal_real,20.0,1105.0,1.5,830.0,850.0,CR3,,,,,,,429,17,2026-06-30
initial-000031,BR_00000001,6,0002002053-000050,0002002053-000050,0002002053-000050,BR_00000001,normal_real,13.67,1100.0,1.2,820.0,840.0,DX53D+Z-MD,,,,,,,430,17,2026-05-31
initial-000031,BR_00000001,7,0030120940-000120,0030120940-000120,0030120940-000120,BR_00000002,normal_real,20.15,1055.0,1.2,830.0,850.0,DC56D+Z,,,,,,,431,17,2026-06-10
initial-000031,BR_00000001,8,0030125147-000030,0030125147-000030,0030125147-000030,BR_00000006,normal_real,110.0,1000.0,1.0,830.0,850.0,DC54D+Z,,,,,,,432,17,2026-06-30
initial-000031,BR_00000001,9,0030122898-000020,0030122898-000020,0030122898-000020,BR_00000006,actual_transition,19.26,1000.0,1.2,700.0,840.0,DC51D+Z,,,,,,,433,17,2026-06-30
initial-000031,BR_00000001,10,0030122488-000010,0030122488-000010,0030122488-000010,BR_00000006,normal_real,110.0,1000.0,1.25,820.0,840.0,DC53D+Z,,,,,,,434,17,2026-06-30
initial-000031,BR_00000001,11,0030122760-000020,0030122760-000020,0030122760-000020,BR_00000006,normal_real,18.35,914.0,1.5,830.0,850.0,CR180BH,,,,,,,435,17,2026-06-30
initial-000031,BR_00000001,12,0030122480-000070,0030122480-000070,0030122480-000070,BR_00000006,normal_real,108.0,905.0,1.2,820.0,840.0,DX53D+Z,,,,,,,436,17,2026-06-30
initial-000031,BR_00000001,13,0002002184-000200,0002002184-000200,0002002184-000200,BR_00000006,normal_real,91.34,830.0,1.0,830.0,850.0,DC56D+Z,,,,,,,437,17,2026-06-30
initial-000009,BR_00000001,0,0002002179-000010,0002002179-000010,0002002179-000010,BR_00000006,normal_real,41.0,1650.0,0.8,810.0,830.0,180YD+Z,,,,,,,438,18,2026-06-30
initial-000009,BR_00000001,1,0030121690-000010,0030121690-000010,0030121690-000010,BR_00000002,normal_real,23.0,1580.0,0.8,820.0,840.0,HC180BD+Z,,,,,,,439,18,2026-06-10
initial-000009,BR_00000001,2,0002002180-000140,0002002180-000140,0002002180-000140,BR_00000006,normal_real,20.0,1540.0,0.8,830.0,850.0,DC56D+Z,,,,,,,440,18,2026-06-30
initial-000009,BR_00000001,3,virtual-000026,,,,virtual_sphc,20.0,1500.0,0.8,770.0,850.0,SPHC,,,virtual_sphc:1500x0.8,edge_bridge,26,,441,18,不适用
initial-000009,BR_00000001,4,0002002202-000190,0002002202-000190,0002002202-000190,BR_00000006,normal_real,23.0,1555.0,1.0,770.0,810.0,DC51D+Z,,,,,,,442,18,2026-06-30
initial-000009,BR_00000001,5,virtual-000027,,,,virtual_sphc,20.0,1500.0,0.8,770.0,840.0,SPHC,,,virtual_sphc:1500x0.8,edge_bridge,27,,443,18,不适用
initial-000009,BR_00000001,6,0030123256-000040,0030123256-000040,0030123256-000040,BR_00000006,normal_real,69.0,1475.0,0.65,820.0,840.0,HC180BD+Z,,,,,,,444,18,2026-06-30
initial-000009,BR_00000001,7,0002002170-000150,0002002170-000150,0002002170-000150,BR_00000006,normal_real,23.0,1433.0,0.65,810.0,830.0,180YD+Z,,,,,,,445,18,2026-06-30
initial-000009,BR_00000001,8,0002002055-000030,0002002055-000030,0002002055-000030,BR_00000001,normal_real,66.82,1430.0,0.6,815.0,835.0,DX51D+Z-MD,,,,,,,446,18,2026-05-31
initial-000009,BR_00000001,9,0002002054-000200,0002002054-000200,0002002054-000200,BR_00000001,normal_real,52.56,1385.0,0.8,815.0,835.0,DX51D+Z-MD,,,,,,,447,18,2026-05-31
initial-000009,BR_00000001,10,0002002170-000410,0002002170-000410,0002002170-000410,BR_00000006,normal_real,23.0,1330.0,0.8,810.0,830.0,180YD+Z,,,,,,,448,18,2026-06-30
initial-000009,BR_00000001,11,0030124683-000020,0030124683-000020,0030124683-000020,BR_00000006,normal_real,48.0,1305.0,0.7,820.0,840.0,DC53D+Z,,,,,,,449,18,2026-06-30
initial-000009,BR_00000001,12,0030123654-000030,0030123654-000030,0030123654-000030,BR_00000006,normal_real,24.0,1304.0,0.7,830.0,850.0,DX53D+Z1,,,,,,,450,18,2026-06-30
initial-000009,BR_00000001,13,0030124735-000120,0030124735-000120,0030124735-000120,BR_00000006,normal_real,24.0,1300.0,0.65,820.0,840.0,DX53D+Z,,,,,,,451,18,2026-06-30
initial-000009,BR_00000001,14,0030122897-000070,0030122897-000070,0030122897-000070,BR_00000006,actual_transition,24.0,1250.0,0.75,700.0,840.0,DC51D+Z,,,,,,,452,18,2026-06-30
initial-000009,BR_00000001,15,0030122897-000030,0030122897-000030,0030122897-000030,BR_00000006,actual_transition,24.0,1250.0,0.75,700.0,840.0,DC51D+Z,,,,,,,453,18,2026-06-30
initial-000009,BR_00000001,16,0030124871-000070,0030124871-000070,0030124871-000070,BR_00000006,normal_real,230.0,1250.0,0.75,820.0,840.0,DX53D+Z,,,,,,,454,18,2026-06-30
initial-000009,BR_00000001,17,0030123653-000050,0030123653-000050,0030123653-000050,BR_00000006,normal_real,120.0,1240.0,0.8,700.0,840.0,DC51D+Z,,,,,,,455,18,2026-06-30
initial-000009,BR_00000001,18,0002002184-000080,0002002184-000080,0002002184-000080,BR_00000006,normal_real,23.0,1220.0,0.8,830.0,850.0,DC56D+Z,,,,,,,456,18,2026-06-30
initial-000009,BR_00000001,19,0002002170-000420,0002002170-000420,0002002170-000420,BR_00000006,normal_real,23.0,1218.0,0.65,830.0,850.0,DC54D+Z,,,,,,,457,18,2026-06-30
initial-000009,BR_00000001,20,0030124772-000020,0030124772-000020,0030124772-000020,BR_00000006,normal_real,24.0,1200.0,0.65,820.0,840.0,DC53D+Z,,,,,,,458,18,2026-06-30
initial-000009,BR_00000001,21,0002002195-000080,0002002195-000080,0002002195-000080,BR_00000006,normal_real,190.0,1195.0,0.65,830.0,850.0,DC53D+Z,,,,,,,459,18,2026-06-30
initial-000009,BR_00000001,22,0002002162-000100,0002002162-000100,0002002162-000100,BR_00000006,normal_real,24.0,1180.0,0.65,830.0,850.0,DC53D+Z,,,,,,,460,18,2026-06-30
initial-000009,BR_00000001,23,0030117110-000010,0030117110-000010,0030117110-000010,BR_00000001,normal_real,13.2,1170.0,0.7,830.0,850.0,CR3,,,,,,,461,18,2026-05-31
initial-000009,BR_00000001,24,0002002170-000200,0002002170-000200,0002002170-000200,BR_00000006,normal_real,126.53,1160.0,0.7,830.0,850.0,DC53D+Z,,,,,,,462,18,2026-06-30
initial-000009,BR_00000001,25,0030120757-000040,0030120757-000040,0030120757-000040,BR_00000001,normal_real,25.98,1155.0,0.8,830.0,850.0,DC54D+Z,,,,,,,463,18,2026-06-05
initial-000009,BR_00000001,26,virtual-000004,,,,virtual_sphc,20.0,1000.0,0.6,700.0,850.0,SPHC,,,virtual_sphc:1000x0.6,edge_bridge,4,,464,18,不适用
initial-000009,BR_00000001,27,virtual-000005,,,,virtual_sphc,20.0,1000.0,0.5,700.0,850.0,SPHC,,,virtual_sphc:1000x0.5,edge_bridge,5,,465,18,不适用
initial-000009,BR_00000001,28,0030120882-000010,0030120882-000010,0030120882-000010,BR_00000002,actual_transition,110.0,1000.0,0.45,700.0,840.0,DX51D+Z,,,,,,,466,18,2026-06-10
initial-000009,BR_00000001,29,0010019618-000010,0010019618-000010,0010019618-000010,BR_00000006,actual_transition,198.0,1000.0,0.5,700.0,840.0,DC51D+Z,,,,,,,467,18,2026-06-30
initial-000009,BR_00000001,30,0030124078-000010,0030124078-000010,0030124078-000010,BR_00000006,normal_real,44.0,1000.0,0.6,830.0,850.0,DC56D+Z,,,,,,,468,18,2026-06-30
initial-000009,BR_00000001,31,0030122898-000010,0030122898-000010,0030122898-000010,BR_00000006,actual_transition,50.0,1000.0,0.8,700.0,840.0,DC51D+Z,,,,,,,469,18,2026-06-30
initial-000009,BR_00000001,32,0030125207-000140,0030125207-000140,0030125207-000140,BR_00000006,normal_real,44.0,993.0,1.0,800.0,820.0,HC260YD+Z,,,,,,,470,18,2026-06-30
initial-000009,BR_00000001,33,0002002170-000190,0002002170-000190,0002002170-000190,BR_00000006,normal_real,40.0,928.0,1.0,770.0,810.0,DC51D+Z,,,,,,,471,18,2026-06-30
initial-000009,BR_00000001,34,0030124731-000020,0030124731-000020,0030124731-000020,BR_00000006,normal_real,54.0,920.0,0.9,770.0,810.0,DC51D+Z,,,,,,,472,18,2026-06-30
initial-000009,BR_00000001,35,0002002202-000070,0002002202-000070,0002002202-000070,BR_00000006,normal_real,16.0,855.0,1.0,770.0,810.0,DC51D+Z,,,,,,,473,18,2026-06-30
initial-000009,BR_00000001,36,virtual-000017,,,,virtual_sphc,20.0,1000.0,1.0,770.0,850.0,SPHC,,,virtual_sphc:1000x1,edge_bridge,17,,474,18,不适用
initial-000017,BR_00000002,0,0030124871-000060,0030124871-000060,0030124871-000060,BR_00000006,normal_real,300.0,1250.0,1.15,820.0,840.0,DX53D+Z,,,,,,,475,19,2026-06-30
initial-000017,BR_00000002,1,0010020206-000090,0010020206-000090,0010020206-000090,BR_00000006,actual_transition,52.98,1250.0,1.2,700.0,840.0,DC51D+Z,,,,,,,476,19,2026-06-30
initial-000017,BR_00000002,2,0002002202-000040,0002002202-000040,0002002202-000040,BR_00000006,normal_real,23.0,1227.0,1.0,770.0,810.0,DC51D+Z,,,,,,,477,19,2026-06-30
initial-000017,BR_00000002,3,0002002202-000080,0002002202-000080,0002002202-000080,BR_00000006,normal_real,23.0,1203.0,1.0,770.0,810.0,DC51D+Z,,,,,,,478,19,2026-06-30
initial-000017,BR_00000002,4,0030124800-000040,0030124800-000040,0030124800-000040,BR_00000006,normal_real,24.0,1164.0,0.8,770.0,810.0,DX52D+Z,,,,,,,479,19,2026-06-30
initial-000017,BR_00000002,5,0030120939-000100,0030120939-000100,0030120939-000100,BR_00000002,normal_real,48.0,1160.0,0.7,780.0,800.0,HC220YD+Z,,,,,,,480,19,2026-06-10
initial-000017,BR_00000002,6,0030124824-000050,0030124824-000050,0030124824-000050,BR_00000006,normal_real,23.11,1050.0,0.65,780.0,800.0,HC220YD+Z-GL,,,,,,,481,19,2026-06-30
initial-000017,BR_00000002,7,0030125207-000030,0030125207-000030,0030125207-000030,BR_00000006,normal_real,22.0,1043.0,0.7,780.0,800.0,HC220YD+Z,,,,,,,482,19,2026-06-30
initial-000017,BR_00000002,8,0030125207-000120,0030125207-000120,0030125207-000120,BR_00000006,normal_real,22.0,1039.0,0.7,790.0,810.0,HC260YD+Z,,,,,,,483,19,2026-06-30
initial-000017,BR_00000002,9,0002002184-000210,0002002184-000210,0002002184-000210,BR_00000006,normal_real,25.0,1030.0,0.6,770.0,810.0,DC51D+Z,,,,,,,484,19,2026-06-30
initial-000017,BR_00000002,10,0002002195-000030,0002002195-000030,0002002195-000030,BR_00000006,normal_real,22.0,1022.0,0.7,770.0,810.0,DC51D+Z,,,,,,,485,19,2026-06-30
initial-000017,BR_00000002,11,0030122488-000030,0030122488-000030,0030122488-000030,BR_00000006,normal_real,110.0,1000.0,0.9,770.0,810.0,DC52D+Z,,,,,,,486,19,2026-06-30
initial-000017,BR_00000002,12,0002002170-000090,0002002170-000090,0002002170-000090,BR_00000006,normal_real,25.0,1000.0,1.0,770.0,810.0,DC51D+Z,,,,,,,487,19,2026-06-30
initial-000017,BR_00000002,13,0030122899-000030,0030122899-000030,0030122899-000030,BR_00000006,actual_transition,170.0,1000.0,1.2,700.0,840.0,DC51D+Z,,,,,,,488,19,2026-06-30
initial-000017,BR_00000002,14,0010020206-000010,0010020206-000010,0010020206-000010,BR_00000006,actual_transition,58.48,1000.0,1.5,700.0,840.0,DC51D+Z,,,,,,,489,19,2026-06-30
initial-000017,BR_00000002,15,0002002202-000290,0002002202-000290,0002002202-000290,BR_00000006,normal_real,16.0,931.0,1.6,770.0,810.0,DC51D+Z,,,,,,,490,19,2026-06-30
initial-000017,BR_00000002,16,0002002170-000290,0002002170-000290,0002002170-000290,BR_00000006,normal_real,50.0,883.0,1.4,770.0,810.0,DC51D+Z,,,,,,,491,19,2026-06-30
initial-000017,BR_00000002,17,virtual-000022,,,,virtual_sphc,20.0,1000.0,1.2,770.0,850.0,SPHC,,,virtual_sphc:1000x1.2,edge_bridge,22,,492,19,不适用
initial-000017,BR_00000002,18,0005000563-000240,0005000563-000240,0005000563-000240,BR_00000006,normal_real,16.0,900.0,1.2,830.0,850.0,CR3,,,,,,,493,19,2026-06-30
initial-000030,BR_00000002,0,0030124871-000050,0030124871-000050,0030124871-000050,BR_00000006,normal_real,20.0,1540.0,1.15,820.0,840.0,DX53D+Z,,,,,,,494,20,2026-06-30
initial-000030,BR_00000002,1,0010019881-000050,0010019881-000050,0010019881-000050,BR_00000006,actual_transition,26.0,1500.0,1.45,700.0,840.0,DC51D+Z,,,,,,,495,20,2026-06-30
initial-000030,BR_00000002,2,0030125207-000100,0030125207-000100,0030125207-000100,BR_00000006,normal_real,24.0,1500.0,1.2,830.0,850.0,DC51D+Z,,,,,,,496,20,2026-06-30
initial-000030,BR_00000002,3,virtual-000008,,,,virtual_sphc,20.0,1500.0,1.2,795.0,815.0,SPHC,,,virtual_sphc:1500x1.2,weight_fill,8,,497,20,不适用
initial-000030,BR_00000002,4,virtual-000007,,,,virtual_sphc,20.0,1500.0,1.5,795.0,815.0,SPHC,,,virtual_sphc:1500x1.5,weight_fill,7,,498,20,不适用
initial-000030,BR_00000002,5,0030124734-000010,0030124734-000010,0030124734-000010,BR_00000006,normal_real,24.0,1500.0,2.0,795.0,815.0,HC220YD+Z,,,,,,,499,20,2026-06-30
initial-000030,BR_00000002,6,virtual-000010,,,,virtual_sphc,20.0,1500.0,1.5,795.0,815.0,SPHC,,,virtual_sphc:1500x1.5,weight_fill,10,,500,20,不适用
initial-000030,BR_00000002,7,0010020206-000070,0010020206-000070,0010020206-000070,BR_00000006,actual_transition,143.49,1500.0,2.0,700.0,720.0,DC51D+Z,,,,,,,501,20,2026-06-30
initial-000030,BR_00000002,8,virtual-000009,,,,virtual_sphc,20.0,1500.0,2.0,795.0,815.0,SPHC,,,virtual_sphc:1500x2,weight_fill,9,,502,20,不适用
initial-000030,BR_00000002,9,0030120865-000010,0030120865-000010,0030120865-000010,BR_00000002,normal_real,50.0,1422.0,2.5,795.0,815.0,HC220YD+Z,,,,,,,503,20,2026-06-10
initial-000030,BR_00000002,10,virtual-000012,,,,virtual_sphc,20.0,1250.0,2.0,795.0,815.0,SPHC,,,virtual_sphc:1250x2,weight_fill,12,,504,20,不适用
initial-000030,BR_00000002,11,virtual-000011,,,,virtual_sphc,20.0,1250.0,2.0,795.0,815.0,SPHC,,,virtual_sphc:1250x2,weight_fill,11,,505,20,不适用
initial-000030,BR_00000002,12,0030121327-000010,0030121327-000010,0030121327-000010,BR_00000002,normal_real,24.0,1195.0,2.49,795.0,815.0,HC220YD+Z,,,,,,,506,20,2026-06-10
initial-000030,BR_00000002,13,0002002202-000270,0002002202-000270,0002002202-000270,BR_00000006,normal_real,23.0,1185.0,2.0,770.0,810.0,DC51D+Z,,,,,,,507,20,2026-06-30
initial-000030,BR_00000002,14,0002002185-000020,0002002185-000020,0002002185-000020,BR_00000006,normal_real,23.0,1190.0,1.6,770.0,810.0,DC51D+Z,,,,,,,508,20,2026-06-30
initial-000030,BR_00000002,15,0030124440-000040,0030124440-000040,0030124440-000040,BR_00000006,normal_real,24.0,1206.0,1.3,700.0,840.0,DC51D+Z,,,,,,,509,20,2026-06-30
initial-000030,BR_00000002,16,0002002185-000040,0002002185-000040,0002002185-000040,BR_00000006,normal_real,40.0,1165.0,1.6,770.0,810.0,DC51D+Z,,,,,,,510,20,2026-06-30
initial-000030,BR_00000002,17,0030122476-000030,0030122476-000030,0030122476-000030,BR_00000006,normal_real,24.0,1165.0,1.8,800.0,820.0,HC220YD+Z,,,,,,,511,20,2026-06-30
initial-000030,BR_00000002,18,0030122476-000060,0030122476-000060,0030122476-000060,BR_00000006,normal_real,8.92,1115.0,1.6,770.0,810.0,DC51D+Z,,,,,,,512,20,2026-06-30
initial-000030,BR_00000002,19,0002002185-000050,0002002185-000050,0002002185-000050,BR_00000006,normal_real,23.0,1113.0,1.5,770.0,810.0,DC51D+Z,,,,,,,513,20,2026-06-30
initial-000030,BR_00000002,20,0030122476-000080,0030122476-000080,0030122476-000080,BR_00000006,normal_real,8.0,1110.0,2.0,795.0,815.0,HC220YD+Z,,,,,,,514,20,2026-06-30
initial-000030,BR_00000002,21,0030120940-000110,0030120940-000110,0030120940-000110,BR_00000002,normal_real,8.66,1093.0,2.0,795.0,815.0,HC220YD+Z,,,,,,,515,20,2026-06-10
initial-000030,BR_00000002,22,0002002202-000280,0002002202-000280,0002002202-000280,BR_00000006,normal_real,19.0,1085.0,2.0,770.0,810.0,DC51D+Z,,,,,,,516,20,2026-06-30
initial-000030,BR_00000002,23,0030125207-000080,0030125207-000080,0030125207-000080,BR_00000006,normal_real,46.0,1078.0,2.5,770.0,810.0,DC51D+Z,,,,,,,517,20,2026-06-30
initial-000030,BR_00000002,24,virtual-000014,,,,virtual_sphc,20.0,1000.0,2.0,770.0,810.0,SPHC,,,virtual_sphc:1000x2,weight_fill,14,,518,20,不适用
initial-000030,BR_00000002,25,virtual-000013,,,,virtual_sphc,20.0,1000.0,2.0,770.0,810.0,SPHC,,,virtual_sphc:1000x2,weight_fill,13,,519,20,不适用
split-chain-partition-14eed158aa2fb5d0bb6b46f70510931e923f66a097fc0e062e2687e39b166626,BR_00000006,0,0030123647-000010,0030123647-000010,0030123647-000010,BR_00000006,normal_real,6.15,1675.0,0.65,830.0,850.0,SCG4+Z,,,,,,,520,21,2026-06-30
split-chain-partition-14eed158aa2fb5d0bb6b46f70510931e923f66a097fc0e062e2687e39b166626,BR_00000006,1,0002002193-000040,0002002193-000040,0002002193-000040,BR_00000006,normal_real,104.0,1665.0,0.7,830.0,850.0,DC53D+Z,,,,,,,521,21,2026-06-30
split-chain-partition-14eed158aa2fb5d0bb6b46f70510931e923f66a097fc0e062e2687e39b166626,BR_00000006,2,0030125157-000010,0030125157-000010,0030125157-000010,BR_00000006,normal_real,26.0,1385.0,0.6,830.0,850.0,DC54D+Z,,,,,,,522,21,2026-06-30
split-chain-partition-14eed158aa2fb5d0bb6b46f70510931e923f66a097fc0e062e2687e39b166626,BR_00000006,3,0030125168-000070,0030125168-000070,0030125168-000070,BR_00000006,normal_real,24.0,1405.0,0.5,820.0,840.0,DX53D+Z-LG,,,,,,,523,21,2026-06-30
split-chain-partition-14eed158aa2fb5d0bb6b46f70510931e923f66a097fc0e062e2687e39b166626,BR_00000006,4,split-partition-14eed158aa2fb5d0bb6b46f70510931e923f66a097fc0e062e2687e39b166626:piece:0001,0002002073-000010,0002002073-000010,BR_00000006,normal_real,500.0,1065.0,0.5,820.0,840.0,DX53D+Z-CD,partition-14eed158aa2fb5d0bb6b46f70510931e923f66a097fc0e062e2687e39b166626,1,,,,,524,21,2026-06-30
split-chain-partition-14eed158aa2fb5d0bb6b46f70510931e923f66a097fc0e062e2687e39b166626,BR_00000006,5,virtual-000016,,,,virtual_sphc,20.0,1000.0,0.5,820.0,840.0,SPHC,,,virtual_sphc:1000x0.5,split_separator,16,partition-14eed158aa2fb5d0bb6b46f70510931e923f66a097fc0e062e2687e39b166626,525,21,不适用
split-chain-partition-14eed158aa2fb5d0bb6b46f70510931e923f66a097fc0e062e2687e39b166626,BR_00000006,6,split-partition-14eed158aa2fb5d0bb6b46f70510931e923f66a097fc0e062e2687e39b166626:piece:0002,0002002073-000010,0002002073-000010,BR_00000006,normal_real,100.0,1065.0,0.5,820.0,840.0,DX53D+Z-CD,partition-14eed158aa2fb5d0bb6b46f70510931e923f66a097fc0e062e2687e39b166626,2,,,,,526,21,2026-06-30
initial-000021,BR_00000006,0,0002002195-000200,0002002195-000200,0002002195-000200,BR_00000006,normal_real,24.0,1515.0,0.65,830.0,850.0,DC54D+Z,,,,,,,527,22,2026-06-30
initial-000021,BR_00000006,1,virtual-000028,,,,virtual_sphc,20.0,1500.0,0.8,770.0,850.0,SPHC,,,virtual_sphc:1500x0.8,edge_bridge,28,,528,22,不适用
initial-000021,BR_00000006,2,virtual-000029,,,,virtual_sphc,20.0,1500.0,1.0,770.0,850.0,SPHC,,,virtual_sphc:1500x1,edge_bridge,29,,529,22,不适用
initial-000021,BR_00000006,3,0002002184-000170,0002002184-000170,0002002184-000170,BR_00000006,normal_real,23.0,1512.0,1.2,770.0,810.0,DC51D+Z,,,,,,,530,22,2026-06-30
initial-000021,BR_00000006,4,0030122476-000040,0030122476-000040,0030122476-000040,BR_00000006,normal_real,16.09,1495.0,1.2,770.0,810.0,DC51D+Z,,,,,,,531,22,2026-06-30
initial-000021,BR_00000006,5,0002002202-000030,0002002202-000030,0002002202-000030,BR_00000006,normal_real,23.0,1480.0,1.0,770.0,810.0,DC51D+Z,,,,,,,532,22,2026-06-30
initial-000021,BR_00000006,6,0002002170-000250,0002002170-000250,0002002170-000250,BR_00000006,normal_real,69.0,1445.0,1.0,770.0,810.0,DC51D+Z,,,,,,,533,22,2026-06-30
initial-000021,BR_00000006,7,0002002180-000380,0002002180-000380,0002002180-000380,BR_00000006,normal_real,20.0,1430.0,1.0,770.0,810.0,DC51D+Z,,,,,,,534,22,2026-06-30
initial-000021,BR_00000006,8,0002002170-000230,0002002170-000230,0002002170-000230,BR_00000006,normal_real,23.0,1420.0,1.0,770.0,810.0,DC51D+Z,,,,,,,535,22,2026-06-30
initial-000021,BR_00000006,9,0002002195-000240,0002002195-000240,0002002195-000240,BR_00000006,normal_real,24.0,1363.0,1.0,770.0,810.0,DC51D+Z,,,,,,,536,22,2026-06-30
initial-000021,BR_00000006,10,0002002170-000260,0002002170-000260,0002002170-000260,BR_00000006,normal_real,23.0,1360.0,1.2,770.0,810.0,DC51D+Z,,,,,,,537,22,2026-06-30
initial-000021,BR_00000006,11,0002002202-000130,0002002202-000130,0002002202-000130,BR_00000006,normal_real,23.0,1341.0,1.0,770.0,810.0,DC51D+Z,,,,,,,538,22,2026-06-30
initial-000021,BR_00000006,12,0002002185-000120,0002002185-000120,0002002185-000120,BR_00000006,normal_real,23.0,1333.0,0.8,770.0,810.0,DC51D+Z,,,,,,,539,22,2026-06-30
initial-000021,BR_00000006,13,0002002170-000030,0002002170-000030,0002002170-000030,BR_00000006,normal_real,23.0,1300.0,0.6,770.0,810.0,DC51D+Z,,,,,,,540,22,2026-06-30
initial-000021,BR_00000006,14,0002002176-000190,0002002176-000190,0002002176-000190,BR_00000006,normal_real,15.0,1295.0,0.6,770.0,810.0,DC51D+Z,,,,,,,541,22,2026-06-30
initial-000021,BR_00000006,15,0002002170-000270,0002002170-000270,0002002170-000270,BR_00000006,normal_real,46.0,1290.0,0.65,770.0,810.0,DC51D+Z,,,,,,,542,22,2026-06-30
initial-000021,BR_00000006,16,0002002170-000330,0002002170-000330,0002002170-000330,BR_00000006,normal_real,23.0,1260.0,0.65,770.0,810.0,DC51D+Z,,,,,,,543,22,2026-06-30
initial-000021,BR_00000006,17,0030122897-000090,0030122897-000090,0030122897-000090,BR_00000006,actual_transition,48.0,1250.0,0.6,700.0,840.0,DC51D+Z,,,,,,,544,22,2026-06-30
initial-000021,BR_00000006,18,0030122897-000060,0030122897-000060,0030122897-000060,BR_00000006,actual_transition,72.0,1250.0,0.6,700.0,840.0,DC51D+Z,,,,,,,545,22,2026-06-30
initial-000021,BR_00000006,19,0030124800-000080,0030124800-000080,0030124800-000080,BR_00000006,normal_real,24.0,1236.0,0.5,770.0,810.0,DX52D+Z,,,,,,,546,22,2026-06-30
initial-000021,BR_00000006,20,0030123653-000040,0030123653-000040,0030123653-000040,BR_00000006,normal_real,48.0,1212.0,0.6,700.0,840.0,DC51D+Z,,,,,,,547,22,2026-06-30
initial-000021,BR_00000006,21,0030123143-000050,0030123143-000050,0030123143-000050,BR_00000006,normal_real,13.39,1210.0,0.6,830.0,850.0,SCG4+Z,,,,,,,548,22,2026-06-30
initial-000021,BR_00000006,22,virtual-000006,,,,virtual_sphc,20.0,1250.0,0.6,770.0,850.0,SPHC,,,virtual_sphc:1250x0.6,edge_bridge,6,,549,22,不适用
initial-000021,BR_00000006,23,0002002170-000370,0002002170-000370,0002002170-000370,BR_00000006,normal_real,23.0,1130.0,0.7,770.0,810.0,DC51D+Z,,,,,,,550,22,2026-06-30
initial-000021,BR_00000006,24,0002002202-000140,0002002202-000140,0002002202-000140,BR_00000006,normal_real,23.0,1110.0,0.7,770.0,810.0,DC51D+Z,,,,,,,551,22,2026-06-30
initial-000021,BR_00000006,25,0030125207-000040,0030125207-000040,0030125207-000040,BR_00000006,normal_real,46.0,1103.0,0.7,770.0,810.0,DC51D+Z,,,,,,,552,22,2026-06-30
initial-000021,BR_00000006,26,0002002185-000110,0002002185-000110,0002002185-000110,BR_00000006,normal_real,19.0,1097.0,0.65,770.0,810.0,DC51D+Z,,,,,,,553,22,2026-06-30
initial-000021,BR_00000006,27,0002002202-000170,0002002202-000170,0002002202-000170,BR_00000006,normal_real,19.0,1080.0,0.7,770.0,810.0,DC51D+Z,,,,,,,554,22,2026-06-30
initial-000021,BR_00000006,28,0002002202-000050,0002002202-000050,0002002202-000050,BR_00000006,normal_real,25.0,1060.0,0.7,770.0,810.0,DC51D+Z,,,,,,,555,22,2026-06-30
initial-000021,BR_00000006,29,0002002195-000040,0002002195-000040,0002002195-000040,BR_00000006,normal_real,64.87,1051.0,0.65,770.0,810.0,DC51D+Z,,,,,,,556,22,2026-06-30
initial-000021,BR_00000006,30,0002002195-000220,0002002195-000220,0002002195-000220,BR_00000006,normal_real,80.0,1040.0,0.65,770.0,810.0,DC51D+Z,,,,,,,557,22,2026-06-30
initial-000021,BR_00000006,31,0030125207-000020,0030125207-000020,0030125207-000020,BR_00000006,normal_real,22.0,1033.0,0.7,780.0,800.0,HC220YD+Z,,,,,,,558,22,2026-06-30
initial-000021,BR_00000006,32,0002002180-000030,0002002180-000030,0002002180-000030,BR_00000006,normal_real,89.0,1020.0,0.6,770.0,810.0,DC51D+Z,,,,,,,559,22,2026-06-30
initial-000021,BR_00000006,33,0002002176-000090,0002002176-000090,0002002176-000090,BR_00000006,normal_real,20.0,983.0,0.6,770.0,810.0,DC51D+Z,,,,,,,560,22,2026-06-30
initial-000021,BR_00000006,34,0002002170-000380,0002002170-000380,0002002170-000380,BR_00000006,normal_real,20.0,960.0,0.65,770.0,810.0,DC51D+Z,,,,,,,561,22,2026-06-30
initial-000021,BR_00000006,35,0002002180-000050,0002002180-000050,0002002180-000050,BR_00000006,normal_real,20.0,910.0,0.65,770.0,810.0,DC51D+Z,,,,,,,562,22,2026-06-30
initial-000021,BR_00000006,36,0002002170-000130,0002002170-000130,0002002170-000130,BR_00000006,normal_real,55.0,828.0,0.65,770.0,810.0,DC51D+Z,,,,,,,563,22,2026-06-30
