chain_id,assigned_period,position,node_id,source_order_id,source_resource_id,source_period,material_role,weight,width,thickness,min_temperature,max_temperature,grade,partition_id,piece_index,virtual_prototype_id,virtual_purpose,virtual_accepted_sequence,related_partition_id
initial-000001,BR_00000001,0,0002002187-000020,0002002187-000020,0002002187-000020,BR_00000006,normal_real,25.0,1815.0,0.6,830.0,850.0,DC53D+Z,,,,,,
initial-000001,BR_00000001,1,0002002177-000010,0002002177-000010,0002002177-000010,BR_00000006,normal_real,30.0,1775.0,0.6,830.0,850.0,DC53D+Z,,,,,,
initial-000001,BR_00000001,2,0002002177-000020,0002002177-000020,0002002177-000020,BR_00000006,normal_real,15.0,1590.0,0.6,830.0,850.0,DC53D+Z,,,,,,
initial-000001,BR_00000001,3,0010019718-000050,0010019718-000050,0010019718-000050,BR_00000006,actual_transition,96.0,1550.0,0.5,700.0,840.0,DC51D+Z,,,,,,
initial-000001,BR_00000001,4,0010019718-000040,0010019718-000040,0010019718-000040,BR_00000006,actual_transition,144.0,1500.0,0.5,700.0,840.0,DC51D+Z,,,,,,
initial-000001,BR_00000001,5,0010018206-000080,0010018206-000080,0010018206-000080,BR_00000001,actual_transition,8.26,1500.0,0.5,700.0,840.0,DC51D+Z,,,,,,
initial-000001,BR_00000001,6,0010019618-000020,0010019618-000020,0010019618-000020,BR_00000006,actual_transition,192.0,1500.0,0.5,700.0,840.0,DC51D+Z,,,,,,
initial-000001,BR_00000001,7,0030124871-000110,0030124871-000110,0030124871-000110,BR_00000006,normal_real,140.0,1460.0,0.6,730.0,750.0,DX51D+Z,,,,,,
initial-000001,BR_00000001,8,0010019718-000030,0010019718-000030,0010019718-000030,BR_00000006,actual_transition,131.46,1400.0,0.5,700.0,840.0,DC51D+Z,,,,,,
initial-000001,BR_00000001,9,0002002176-000140,0002002176-000140,0002002176-000140,BR_00000006,normal_real,23.0,1380.0,0.6,770.0,810.0,DC51D+Z,,,,,,
initial-000001,BR_00000001,10,0002002180-000040,0002002180-000040,0002002180-000040,BR_00000006,normal_real,20.0,1363.0,0.6,770.0,810.0,DC51D+Z,,,,,,
initial-000001,BR_00000001,11,0002002195-000230,0002002195-000230,0002002195-000230,BR_00000006,normal_real,24.0,1355.0,0.65,770.0,810.0,DC51D+Z,,,,,,
initial-000001,BR_00000001,12,0002002185-000100,0002002185-000100,0002002185-000100,BR_00000006,normal_real,23.0,1335.0,0.65,770.0,810.0,DC51D+Z,,,,,,
initial-000001,BR_00000001,13,0030119098-000060,0030119098-000060,0030119098-000060,BR_00000001,normal_real,24.0,1333.0,0.6,700.0,840.0,DX51D+Z,,,,,,
initial-000001,BR_00000001,14,0030123143-000030,0030123143-000030,0030123143-000030,BR_00000006,normal_real,175.0,1315.0,0.6,830.0,850.0,SCG4+Z,,,,,,
initial-000001,BR_00000001,15,0030117110-000020,0030117110-000020,0030117110-000020,BR_00000001,normal_real,21.51,1312.0,0.75,830.0,850.0,CR3,,,,,,
initial-000001,BR_00000001,16,0030122759-000020,0030122759-000020,0030122759-000020,BR_00000006,normal_real,22.0,1312.0,0.75,830.0,850.0,CR3,,,,,,
initial-000001,BR_00000001,17,0030125150-000020,0030125150-000020,0030125150-000020,BR_00000006,normal_real,24.0,1305.0,0.7,820.0,840.0,DC53D+Z,,,,,,
initial-000001,BR_00000001,18,0002002180-000360,0002002180-000360,0002002180-000360,BR_00000006,normal_real,17.08,1300.0,0.65,810.0,830.0,180YD+Z,,,,,,
initial-000001,BR_00000001,19,0030118006-000010,0030118006-000010,0030118006-000010,BR_00000001,normal_real,55.45,1295.0,0.6,700.0,840.0,DC51D+Z,,,,,,
initial-000001,BR_00000001,20,0002002195-000110,0002002195-000110,0002002195-000110,BR_00000006,normal_real,110.0,1285.0,0.6,830.0,850.0,DC54D+Z,,,,,,
initial-000001,BR_00000001,21,0030123141-000010,0030123141-000010,0030123141-000010,BR_00000006,normal_real,50.0,1275.0,0.6,830.0,850.0,SCG4+Z,,,,,,
initial-000001,BR_00000001,22,0030122897-000010,0030122897-000010,0030122897-000010,BR_00000006,actual_transition,24.0,1250.0,0.5,700.0,840.0,DC51D+Z,,,,,,
initial-000001,BR_00000001,23,0030120727-000030,0030120727-000030,0030120727-000030,BR_00000001,normal_real,300.0,1227.0,0.45,715.0,735.0,DX51D+Z1,,,,,,
initial-000001,BR_00000001,24,0030125168-000040,0030125168-000040,0030125168-000040,BR_00000006,normal_real,48.0,1219.0,0.4,700.0,840.0,DC51D+Z,,,,,,
initial-000001,BR_00000001,25,0030125168-000060,0030125168-000060,0030125168-000060,BR_00000006,normal_real,24.0,1190.0,0.4,770.0,810.0,DX52D+Z-LG,,,,,,
initial-000001,BR_00000001,26,0030124800-000070,0030124800-000070,0030124800-000070,BR_00000006,normal_real,23.0,1146.0,0.5,770.0,810.0,DX52D+Z,,,,,,
initial-000001,BR_00000001,27,0002002176-000170,0002002176-000170,0002002176-000170,BR_00000006,normal_real,17.0,1145.0,0.6,770.0,810.0,DC51D+Z,,,,,,
initial-000001,BR_00000001,28,0030117283-000020,0030117283-000020,0030117283-000020,BR_00000001,normal_real,3.44,1130.0,0.65,790.0,810.0,SCG260Y+Z,,,,,,
initial-000001,BR_00000001,29,0030120974-000030,0030120974-000030,0030120974-000030,BR_00000002,normal_real,23.0,1130.0,0.8,790.0,810.0,HC260YD+Z,,,,,,
initial-000001,BR_00000001,30,0002002176-000180,0002002176-000180,0002002176-000180,BR_00000006,normal_real,15.0,1122.0,0.65,770.0,810.0,DC51D+Z,,,,,,
initial-000001,BR_00000001,31,0030125206-000010,0030125206-000010,0030125206-000010,BR_00000006,normal_real,23.0,1120.0,0.6,770.0,810.0,DC51D+Z,,,,,,
initial-000001,BR_00000001,32,0030124800-000060,0030124800-000060,0030124800-000060,BR_00000006,normal_real,23.0,1116.0,0.5,770.0,810.0,DX52D+Z,,,,,,
initial-000001,BR_00000001,33,0002002176-000200,0002002176-000200,0002002176-000200,BR_00000006,normal_real,15.0,1080.0,0.6,770.0,810.0,DC51D+Z,,,,,,
initial-000001,BR_00000001,34,0030124800-000050,0030124800-000050,0030124800-000050,BR_00000006,normal_real,23.0,1066.0,0.5,770.0,810.0,DX52D+Z,,,,,,
initial-000001,BR_00000001,35,0002002184-000130,0002002184-000130,0002002184-000130,BR_00000006,normal_real,19.0,1063.0,0.6,770.0,810.0,DC51D+Z,,,,,,
initial-000001,BR_00000001,36,0002002195-000050,0002002195-000050,0002002195-000050,BR_00000006,normal_real,48.0,1063.0,0.65,770.0,810.0,DC51D+Z,,,,,,
initial-000003,BR_00000001,0,0002002187-000010,0002002187-000010,0002002187-000010,BR_00000006,normal_real,25.0,1710.0,0.6,810.0,830.0,180YD+Z,,,,,,
initial-000003,BR_00000001,1,0002002170-000300,0002002170-000300,0002002170-000300,BR_00000006,normal_real,23.0,1500.0,0.6,810.0,830.0,180YD+Z,,,,,,
initial-000003,BR_00000001,2,0030124457-000020,0030124457-000020,0030124457-000020,BR_00000006,normal_real,24.0,1483.0,0.6,820.0,840.0,DX53D+Z,,,,,,
initial-000003,BR_00000001,3,0002002184-000220,0002002184-000220,0002002184-000220,BR_00000006,normal_real,23.0,1455.0,0.6,830.0,850.0,DC53D+Z,,,,,,
initial-000003,BR_00000001,4,0005000563-000280,0005000563-000280,0005000563-000280,BR_00000006,normal_real,21.0,1448.0,0.8,830.0,850.0,CR3,,,,,,
initial-000003,BR_00000001,5,0030119860-000030,0030119860-000030,0030119860-000030,BR_00000001,normal_real,56.58,1410.0,0.8,830.0,850.0,DC56D+Z,,,,,,
initial-000003,BR_00000001,6,0002002053-000120,0002002053-000120,0002002053-000120,BR_00000001,normal_real,18.57,1400.0,0.8,820.0,840.0,DX53D+Z-MD,,,,,,
initial-000003,BR_00000001,7,0005000563-000030,0005000563-000030,0005000563-000030,BR_00000006,normal_real,63.0,1365.0,0.8,830.0,850.0,CR180BH,,,,,,
initial-000003,BR_00000001,8,0002002020-000080,0002002020-000080,0002002020-000080,BR_00000001,normal_real,13.01,1364.0,1.0,830.0,850.0,DC54D+Z,,,,,,
initial-000003,BR_00000001,9,0005000563-000130,0005000563-000130,0005000563-000130,BR_00000006,normal_real,42.0,1350.0,0.8,830.0,850.0,CR180BH,,,,,,
initial-000003,BR_00000001,10,0030122476-000050,0030122476-000050,0030122476-000050,BR_00000006,normal_real,8.0,1325.0,1.0,830.0,850.0,DC56D+Z,,,,,,
initial-000003,BR_00000001,11,0030124567-000010,0030124567-000010,0030124567-000010,BR_00000006,normal_real,24.0,1310.0,1.0,830.0,850.0,DC56D+Z,,,,,,
initial-000003,BR_00000001,12,0030121196-000020,0030121196-000020,0030121196-000020,BR_00000002,normal_real,24.0,1300.0,0.95,830.0,850.0,DC56D+Z,,,,,,
initial-000003,BR_00000001,13,0002002053-000180,0002002053-000180,0002002053-000180,BR_00000001,normal_real,60.0,1300.0,1.0,820.0,840.0,DX53D+Z-MD,,,,,,
initial-000003,BR_00000001,14,0002002054-000100,0002002054-000100,0002002054-000100,BR_00000001,normal_real,75.01,1300.0,1.0,820.0,840.0,DX53D+Z-MD,,,,,,
initial-000003,BR_00000001,15,0030124731-000010,0030124731-000010,0030124731-000010,BR_00000006,normal_real,48.0,1290.0,0.9,830.0,850.0,DC54D+Z,,,,,,
initial-000003,BR_00000001,16,0002002195-000180,0002002195-000180,0002002195-000180,BR_00000006,normal_real,25.0,1258.0,0.8,830.0,850.0,DC53D+Z,,,,,,
initial-000003,BR_00000001,17,0030123916-000030,0030123916-000030,0030123916-000030,BR_00000006,actual_transition,69.0,1250.0,1.0,700.0,840.0,DC51D+Z,,,,,,
initial-000003,BR_00000001,18,0010020206-000080,0010020206-000080,0010020206-000080,BR_00000006,actual_transition,122.45,1250.0,1.0,700.0,840.0,DC51D+Z,,,,,,
initial-000003,BR_00000001,19,0002002195-000100,0002002195-000100,0002002195-000100,BR_00000006,normal_real,230.0,1220.0,1.0,830.0,850.0,DC53D+Z,,,,,,
initial-000003,BR_00000001,20,0030122476-000070,0030122476-000070,0030122476-000070,BR_00000006,normal_real,24.0,1205.0,1.0,830.0,850.0,DC56D+Z,,,,,,
initial-000003,BR_00000001,21,0030117976-000020,0030117976-000020,0030117976-000020,BR_00000001,actual_transition,7.91,1201.0,1.0,700.0,840.0,DC51D+Z,,,,,,
initial-000003,BR_00000001,22,0030125207-000090,0030125207-000090,0030125207-000090,BR_00000006,normal_real,24.0,1183.0,0.8,830.0,850.0,DC51D+Z,,,,,,
initial-000003,BR_00000001,23,0030124772-000030,0030124772-000030,0030124772-000030,BR_00000006,normal_real,24.0,1180.0,0.7,820.0,840.0,DC53D+Z,,,,,,
initial-000003,BR_00000001,24,0030122759-000010,0030122759-000010,0030122759-000010,BR_00000006,normal_real,22.0,1170.0,0.7,830.0,850.0,CR3,,,,,,
initial-000003,BR_00000001,25,0002002009-000050,0002002009-000050,0002002009-000050,BR_00000001,normal_real,8.22,1168.0,0.65,830.0,850.0,DC53D+Z,,,,,,
initial-000003,BR_00000001,26,0030124871-000040,0030124871-000040,0030124871-000040,BR_00000006,normal_real,20.0,1160.0,0.6,820.0,840.0,DX53D+Z,,,,,,
initial-000003,BR_00000001,27,0002002152-000010,0002002152-000010,0002002152-000010,BR_00000006,normal_real,23.0,1155.0,0.65,810.0,830.0,HC180YD+Z,,,,,,
initial-000003,BR_00000001,28,split-partition-12867008acf6a0ea9d8776d23dc778175dc8c9ecf45f1c627e21aad01e519f05:piece:0001,0002002055-000120,0002002055-000120,BR_00000001,normal_real,500.0,1150.0,0.6,820.0,840.0,DX53D+Z-MD,partition-12867008acf6a0ea9d8776d23dc778175dc8c9ecf45f1c627e21aad01e519f05,1,,,,
initial-000003,BR_00000001,29,virtual-000015,,,,virtual_sphc,20.0,1250.0,0.6,820.0,840.0,SPHC,,,virtual_sphc:1250x0.6,split_separator,15,partition-12867008acf6a0ea9d8776d23dc778175dc8c9ecf45f1c627e21aad01e519f05
initial-000003,BR_00000001,30,split-partition-12867008acf6a0ea9d8776d23dc778175dc8c9ecf45f1c627e21aad01e519f05:piece:0002,0002002055-000120,0002002055-000120,BR_00000001,normal_real,70.3,1150.0,0.6,820.0,840.0,DX53D+Z-MD,partition-12867008acf6a0ea9d8776d23dc778175dc8c9ecf45f1c627e21aad01e519f05,2,,,,
initial-000003,BR_00000001,31,0002002054-000340,0002002054-000340,0002002054-000340,BR_00000001,normal_real,102.32,1150.0,0.6,815.0,835.0,DX51D+Z-MD,,,,,,
initial-000003,BR_00000001,32,0002002055-000110,0002002055-000110,0002002055-000110,BR_00000001,normal_real,15.3,1100.0,0.8,815.0,835.0,DX51D+Z-MD,,,,,,
initial-000003,BR_00000001,33,0030124574-000010,0030124574-000010,0030124574-000010,BR_00000006,actual_transition,23.0,1100.0,1.0,700.0,840.0,DC51D+Z,,,,,,
initial-000003,BR_00000001,34,0030124824-000010,0030124824-000010,0030124824-000010,BR_00000006,normal_real,20.0,1060.0,0.95,710.0,730.0,DX51D+Z,,,,,,
initial-000003,BR_00000001,35,0030124826-000010,0030124826-000010,0030124826-000010,BR_00000006,normal_real,40.0,1000.0,1.15,710.0,730.0,DX51D+Z,,,,,,
initial-000003,BR_00000001,36,0030124207-000010,0030124207-000010,0030124207-000010,BR_00000006,actual_transition,24.0,1000.0,1.2,700.0,840.0,DC51D+Z,,,,,,
initial-000003,BR_00000001,37,0002002180-000160,0002002180-000160,0002002180-000160,BR_00000006,normal_real,20.0,885.0,1.4,770.0,810.0,DC51D+Z,,,,,,
initial-000008,BR_00000001,0,0002002193-000030,0002002193-000030,0002002193-000030,BR_00000006,normal_real,52.0,1655.0,1.0,770.0,810.0,DC51D+Z,,,,,,
initial-000008,BR_00000001,1,0010020206-000100,0010020206-000100,0010020206-000100,BR_00000006,actual_transition,95.94,1500.0,1.0,700.0,840.0,DC51D+Z,,,,,,
initial-000008,BR_00000001,2,0030120817-000050,0030120817-000050,0030120817-000050,BR_00000003,normal_real,50.0,1480.0,1.2,785.0,815.0,HC420/780DPD+Z,,,,,,
initial-000008,BR_00000001,3,0030124735-000110,0030124735-000110,0030124735-000110,BR_00000006,actual_transition,24.0,1350.0,1.4,700.0,840.0,DX51D+Z,,,,,,
initial-000008,BR_00000001,4,0030124735-000070,0030124735-000070,0030124735-000070,BR_00000006,normal_real,24.0,1350.0,1.4,805.0,825.0,HC260YD+Z,,,,,,
initial-000008,BR_00000001,5,0030121501-000010,0030121501-000010,0030121501-000010,BR_00000001,normal_real,25.11,1330.0,1.2,800.0,820.0,HC260YD+Z,,,,,,
initial-000008,BR_00000001,6,virtual-000018,,,,virtual_sphc,20.0,1250.0,1.5,760.0,820.0,SPHC,,,virtual_sphc:1250x1.5,edge_bridge,18,
initial-000008,BR_00000001,7,virtual-000019,,,,virtual_sphc,20.0,1250.0,2.0,760.0,820.0,SPHC,,,virtual_sphc:1250x2,edge_bridge,19,
initial-000008,BR_00000001,8,0030122066-000070,0030122066-000070,0030122066-000070,BR_00000003,normal_real,24.0,1299.0,2.49,760.0,780.0,HC340/590DPD+Z,,,,,,
initial-000008,BR_00000001,9,virtual-000020,,,,virtual_sphc,20.0,1250.0,2.0,760.0,810.0,SPHC,,,virtual_sphc:1250x2,edge_bridge,20,
initial-000008,BR_00000001,10,virtual-000021,,,,virtual_sphc,20.0,1250.0,1.5,760.0,810.0,SPHC,,,virtual_sphc:1250x1.5,edge_bridge,21,
initial-000008,BR_00000001,11,0002002170-000350,0002002170-000350,0002002170-000350,BR_00000006,normal_real,23.0,1300.0,1.2,770.0,810.0,DC51D+Z,,,,,,
initial-000008,BR_00000001,12,0030122488-000020,0030122488-000020,0030122488-000020,BR_00000006,normal_real,96.0,1250.0,1.25,770.0,810.0,DC52D+Z,,,,,,
initial-000008,BR_00000001,13,0010019881-000040,0010019881-000040,0010019881-000040,BR_00000006,actual_transition,96.0,1250.0,1.45,700.0,840.0,DC51D+Z,,,,,,
initial-000008,BR_00000001,14,0030120939-000090,0030120939-000090,0030120939-000090,BR_00000002,normal_real,24.0,1250.0,1.5,810.0,830.0,HC180YD+Z,,,,,,
initial-000008,BR_00000001,15,0030124735-000080,0030124735-000080,0030124735-000080,BR_00000006,normal_real,24.0,1250.0,1.8,805.0,825.0,HC260YD+Z,,,,,,
initial-000008,BR_00000001,16,0030125101-000030,0030125101-000030,0030125101-000030,BR_00000006,actual_transition,48.0,1242.0,1.5,700.0,840.0,DC51D+Z,,,,,,
initial-000008,BR_00000001,17,0030121432-000010,0030121432-000010,0030121432-000010,BR_00000002,normal_real,48.0,1235.0,1.35,795.0,815.0,HC220YD+Z,,,,,,
initial-000008,BR_00000001,18,0002002202-000110,0002002202-000110,0002002202-000110,BR_00000006,normal_real,23.0,1218.0,1.2,770.0,810.0,DC51D+Z,,,,,,
initial-000008,BR_00000001,19,0002002185-000090,0002002185-000090,0002002185-000090,BR_00000006,normal_real,1.97,1215.0,1.2,770.0,810.0,DC51D+Z,,,,,,
initial-000008,BR_00000001,20,0002002170-000050,0002002170-000050,0002002170-000050,BR_00000006,normal_real,23.0,1175.0,1.2,770.0,810.0,DC51D+Z,,,,,,
initial-000008,BR_00000001,21,0030124683-000050,0030124683-000050,0030124683-000050,BR_00000006,normal_real,23.0,1140.0,1.2,795.0,815.0,HC220YD+Z,,,,,,
initial-000008,BR_00000001,22,0030125170-000010,0030125170-000010,0030125170-000010,BR_00000006,normal_real,20.0,1070.0,1.2,795.0,815.0,HC220YD+Z-GL,,,,,,
initial-000004,BR_00000001,0,0002002193-000020,0002002193-000020,0002002193-000020,BR_00000006,normal_real,260.0,1640.0,0.8,830.0,850.0,DC53D+Z,,,,,,
initial-000004,BR_00000001,1,0030123646-000010,0030123646-000010,0030123646-000010,BR_00000006,normal_real,12.0,1620.0,0.7,830.0,850.0,SCG4+Z,,,,,,
initial-000004,BR_00000001,2,0002002170-000320,0002002170-000320,0002002170-000320,BR_00000006,normal_real,23.0,1515.0,0.7,830.0,850.0,DC53D+Z,,,,,,
initial-000004,BR_00000001,3,0030123255-000020,0030123255-000020,0030123255-000020,BR_00000006,normal_real,46.0,1500.0,0.65,820.0,840.0,HC180BD+Z,,,,,,
initial-000004,BR_00000001,4,0030123256-000030,0030123256-000030,0030123256-000030,BR_00000006,normal_real,46.0,1490.0,0.65,820.0,840.0,HC180BD+Z,,,,,,
initial-000004,BR_00000001,5,0030118966-000010,0030118966-000010,0030118966-000010,BR_00000001,normal_real,31.64,1488.0,0.65,830.0,850.0,DC56D+Z,,,,,,
initial-000004,BR_00000001,6,0002002176-000150,0002002176-000150,0002002176-000150,BR_00000006,normal_real,23.0,1470.0,0.65,830.0,850.0,DC53D+Z,,,,,,
initial-000004,BR_00000001,7,0002002170-000010,0002002170-000010,0002002170-000010,BR_00000006,normal_real,23.0,1470.0,0.65,830.0,850.0,DC53D+Z,,,,,,
initial-000004,BR_00000001,8,0030123936-000020,0030123936-000020,0030123936-000020,BR_00000006,normal_real,327.94,1465.0,0.7,830.0,850.0,SCG4+Z,,,,,,
initial-000004,BR_00000001,9,0030123143-000010,0030123143-000010,0030123143-000010,BR_00000006,normal_real,52.0,1455.0,0.7,830.0,850.0,SCG4+Z,,,,,,
initial-000004,BR_00000001,10,0030123936-000010,0030123936-000010,0030123936-000010,BR_00000006,normal_real,182.0,1440.0,0.7,830.0,850.0,SCG4+Z,,,,,,
initial-000004,BR_00000001,11,0002002184-000030,0002002184-000030,0002002184-000030,BR_00000006,normal_real,23.0,1440.0,0.65,830.0,850.0,DC53D+Z,,,,,,
initial-000004,BR_00000001,12,0002002176-000110,0002002176-000110,0002002176-000110,BR_00000006,normal_real,35.0,1418.0,0.65,830.0,850.0,DC53D+Z,,,,,,
initial-000004,BR_00000001,13,0030124683-000030,0030124683-000030,0030124683-000030,BR_00000006,normal_real,48.0,1410.0,0.8,830.0,850.0,DC56D+Z,,,,,,
initial-000004,BR_00000001,14,0030123143-000020,0030123143-000020,0030123143-000020,BR_00000006,normal_real,104.0,1390.0,0.7,830.0,850.0,SCG4+Z,,,,,,
initial-000004,BR_00000001,15,0030119866-000010,0030119866-000010,0030119866-000010,BR_00000001,normal_real,27.97,1385.0,0.6,830.0,850.0,DC54D+Z,,,,,,
initial-000004,BR_00000001,16,0030124199-000010,0030124199-000010,0030124199-000010,BR_00000006,normal_real,26.0,1385.0,0.6,830.0,850.0,DC54D+Z,,,,,,
initial-000004,BR_00000001,17,0030123425-000020,0030123425-000020,0030123425-000020,BR_00000006,normal_real,130.0,1360.0,0.65,830.0,850.0,SCG4+Z,,,,,,
initial-000004,BR_00000001,18,0030123143-000060,0030123143-000060,0030123143-000060,BR_00000006,normal_real,78.0,1360.0,0.65,830.0,850.0,SCG4+Z,,,,,,
initial-000014,BR_00000001,0,0002002177-000030,0002002177-000030,0002002177-000030,BR_00000006,normal_real,15.0,1590.0,0.65,770.0,810.0,DC51D+Z,,,,,,
initial-000014,BR_00000001,1,0002001995-000010,0002001995-000010,0002001995-000010,BR_00000001,normal_real,19.16,1583.0,0.65,770.0,810.0,DC51D+Z,,,,,,
initial-000014,BR_00000001,2,0002002180-000340,0002002180-000340,0002002180-000340,BR_00000006,normal_real,20.0,1555.0,0.6,770.0,810.0,DC51D+Z,,,,,,
initial-000014,BR_00000001,3,0002002180-000130,0002002180-000130,0002002180-000130,BR_00000006,normal_real,34.0,1510.0,0.6,770.0,810.0,DC51D+Z,,,,,,
initial-000014,BR_00000001,4,0002002176-000220,0002002176-000220,0002002176-000220,BR_00000006,normal_real,15.0,1485.0,0.6,770.0,810.0,DC51D+Z,,,,,,
initial-000014,BR_00000001,5,0030118006-000070,0030118006-000070,0030118006-000070,BR_00000001,normal_real,43.72,1480.0,0.8,700.0,840.0,DC51D+Z,,,,,,
initial-000014,BR_00000001,6,0030123142-000010,0030123142-000010,0030123142-000010,BR_00000006,normal_real,312.0,1465.0,0.7,830.0,850.0,SCG4+Z,,,,,,
initial-000014,BR_00000001,7,0030123142-000020,0030123142-000020,0030123142-000020,BR_00000006,normal_real,182.0,1440.0,0.7,830.0,850.0,SCG4+Z,,,,,,
initial-000014,BR_00000001,8,0002002170-000430,0002002170-000430,0002002170-000430,BR_00000006,normal_real,23.0,1440.0,0.65,830.0,850.0,DC53D+Z,,,,,,
initial-000014,BR_00000001,9,0002002055-000100,0002002055-000100,0002002055-000100,BR_00000001,normal_real,18.26,1413.0,0.6,820.0,840.0,DX53D+Z-MD,,,,,,
initial-000014,BR_00000001,10,0030121799-000010,0030121799-000010,0030121799-000010,BR_00000006,normal_real,168.0,1395.0,0.6,830.0,850.0,DC54D+Z,,,,,,
initial-000014,BR_00000001,11,0030121346-000020,0030121346-000020,0030121346-000020,BR_00000002,normal_real,48.0,1393.0,0.5,820.0,840.0,DX53D+Z,,,,,,
initial-000014,BR_00000001,12,0030125168-000010,0030125168-000010,0030125168-000010,BR_00000006,normal_real,72.0,1375.0,0.4,700.0,840.0,DC51D+Z,,,,,,
initial-000014,BR_00000001,13,0002002054-000010,0002002054-000010,0002002054-000010,BR_00000001,normal_real,36.83,1365.0,0.5,820.0,840.0,DX53D+Z-CD,,,,,,
initial-000014,BR_00000001,14,0010019718-000010,0010019718-000010,0010019718-000010,BR_00000006,actual_transition,58.0,1350.0,0.5,700.0,840.0,DC51D+Z,,,,,,
initial-000014,BR_00000001,15,0030123654-000020,0030123654-000020,0030123654-000020,BR_00000006,normal_real,48.0,1346.0,0.5,715.0,735.0,DX51D+Z1,,,,,,
initial-000014,BR_00000001,16,0030125168-000030,0030125168-000030,0030125168-000030,BR_00000006,normal_real,48.0,1326.0,0.4,700.0,840.0,DC51D+Z,,,,,,
initial-000014,BR_00000001,17,0030125168-000020,0030125168-000020,0030125168-000020,BR_00000006,normal_real,48.0,1306.0,0.4,700.0,840.0,DC51D+Z,,,,,,
initial-000014,BR_00000001,18,0030119098-000010,0030119098-000010,0030119098-000010,BR_00000001,normal_real,22.98,1306.0,0.4,700.0,840.0,DC51D+Z,,,,,,
initial-000014,BR_00000001,19,0002002054-000270,0002002054-000270,0002002054-000270,BR_00000001,normal_real,12.7,1258.0,0.4,815.0,835.0,DX51D+Z-MD,,,,,,
initial-000014,BR_00000001,20,0002002054-000350,0002002054-000350,0002002054-000350,BR_00000001,normal_real,98.97,1250.0,0.5,815.0,835.0,DX51D+Z-MD,,,,,,
initial-000014,BR_00000001,21,0002002054-000320,0002002054-000320,0002002054-000320,BR_00000001,normal_real,23.0,1235.0,0.5,820.0,840.0,DX53D+Z-CD,,,,,,
initial-000014,BR_00000001,22,0030118641-000010,0030118641-000010,0030118641-000010,BR_00000001,actual_transition,22.03,1200.0,0.4,700.0,840.0,DC51D+Z,,,,,,
initial-000014,BR_00000001,23,0030123916-000010,0030123916-000010,0030123916-000010,BR_00000006,actual_transition,23.0,1200.0,0.4,700.0,840.0,DC51D+Z,,,,,,
initial-000014,BR_00000001,24,0002002055-000080,0002002055-000080,0002002055-000080,BR_00000001,normal_real,5.45,1150.0,0.5,815.0,835.0,DX51D+Z-MD,,,,,,
initial-000014,BR_00000001,25,0002002055-000040,0002002055-000040,0002002055-000040,BR_00000001,normal_real,346.03,1150.0,0.5,815.0,835.0,DX51D+Z-MD,,,,,,
initial-000014,BR_00000001,26,0002002054-000040,0002002054-000040,0002002054-000040,BR_00000001,normal_real,36.52,1150.0,0.5,815.0,835.0,DX51D+Z-MD,,,,,,
initial-000014,BR_00000001,27,0030125168-000050,0030125168-000050,0030125168-000050,BR_00000006,normal_real,24.0,1145.0,0.4,700.0,840.0,DC51D+Z,,,,,,
initial-000014,BR_00000001,28,0030123654-000010,0030123654-000010,0030123654-000010,BR_00000006,normal_real,48.0,1066.0,0.5,715.0,735.0,DX51D+Z1,,,,,,
initial-000014,BR_00000001,29,0030118641-000020,0030118641-000020,0030118641-000020,BR_00000001,actual_transition,6.04,1000.0,0.4,700.0,840.0,DC51D+Z,,,,,,
initial-000014,BR_00000001,30,0030123916-000020,0030123916-000020,0030123916-000020,BR_00000006,actual_transition,23.0,1000.0,0.4,700.0,840.0,DC51D+Z,,,,,,
initial-000016,BR_00000001,0,0030125207-000060,0030125207-000060,0030125207-000060,BR_00000006,normal_real,24.0,1589.0,0.7,770.0,810.0,DC51D+Z,,,,,,
initial-000016,BR_00000001,1,0002002176-000230,0002002176-000230,0002002176-000230,BR_00000006,normal_real,15.0,1555.0,0.6,770.0,810.0,DC51D+Z,,,,,,
initial-000016,BR_00000001,2,0002002185-000130,0002002185-000130,0002002185-000130,BR_00000006,normal_real,23.0,1545.0,0.65,770.0,810.0,DC51D+Z,,,,,,
initial-000016,BR_00000001,3,0002002185-000080,0002002185-000080,0002002185-000080,BR_00000006,normal_real,40.0,1540.0,0.7,770.0,810.0,DC51D+Z,,,,,,
initial-000016,BR_00000001,4,0002001998-000190,0002001998-000190,0002001998-000190,BR_00000001,normal_real,42.46,1510.0,0.6,770.0,810.0,DC51D+Z,,,,,,
initial-000016,BR_00000001,5,0002002195-000160,0002002195-000160,0002002195-000160,BR_00000006,normal_real,635.0,1510.0,0.6,770.0,810.0,DC51D+Z,,,,,,
initial-000016,BR_00000001,6,0002002185-000140,0002002185-000140,0002002185-000140,BR_00000006,normal_real,30.0,1510.0,0.65,770.0,810.0,DC51D+Z,,,,,,
initial-000016,BR_00000001,7,0002002176-000080,0002002176-000080,0002002176-000080,BR_00000006,normal_real,15.0,1498.0,0.65,770.0,810.0,DC51D+Z,,,,,,
initial-000016,BR_00000001,8,0002002195-000150,0002002195-000150,0002002195-000150,BR_00000006,normal_real,175.0,1490.0,0.65,770.0,810.0,DC51D+Z,,,,,,
initial-000016,BR_00000001,9,0002002162-000010,0002002162-000010,0002002162-000010,BR_00000006,normal_real,72.0,1470.0,0.65,770.0,810.0,DC51D+Z,,,,,,
initial-000016,BR_00000001,10,0002002176-000030,0002002176-000030,0002002176-000030,BR_00000006,normal_real,15.0,1465.0,0.65,770.0,810.0,DC51D+Z,,,,,,
initial-000016,BR_00000001,11,0002002195-000140,0002002195-000140,0002002195-000140,BR_00000006,normal_real,72.0,1463.0,0.65,770.0,810.0,DC51D+Z,,,,,,
initial-000016,BR_00000001,12,0002002195-000250,0002002195-000250,0002002195-000250,BR_00000006,normal_real,24.0,1455.0,0.65,770.0,810.0,DC51D+Z,,,,,,
initial-000016,BR_00000001,13,0002002044-000070,0002002044-000070,0002002044-000070,BR_00000001,normal_real,18.71,1450.0,0.65,770.0,810.0,DC51D+Z,,,,,,
initial-000016,BR_00000001,14,0002002162-000040,0002002162-000040,0002002162-000040,BR_00000006,normal_real,168.0,1450.0,0.65,770.0,810.0,DC51D+Z,,,,,,
initial-000016,BR_00000001,15,0002002185-000070,0002002185-000070,0002002185-000070,BR_00000006,normal_real,92.0,1375.0,0.65,770.0,810.0,DC51D+Z,,,,,,
initial-000016,BR_00000001,16,0002002024-000070,0002002024-000070,0002002024-000070,BR_00000001,normal_real,6.04,1360.0,0.7,770.0,810.0,DC51D+Z,,,,,,
initial-000016,BR_00000001,17,0002002176-000100,0002002176-000100,0002002176-000100,BR_00000006,normal_real,23.0,1358.0,0.7,770.0,810.0,DC51D+Z,,,,,,
initial-000016,BR_00000001,18,0030125207-000070,0030125207-000070,0030125207-000070,BR_00000006,normal_real,24.0,1349.0,0.9,770.0,810.0,DC51D+Z,,,,,,
initial-000016,BR_00000001,19,0030124800-000020,0030124800-000020,0030124800-000020,BR_00000006,normal_real,24.0,1332.0,1.0,770.0,810.0,DX52D+Z,,,,,,
initial-000016,BR_00000001,20,0002002170-000220,0002002170-000220,0002002170-000220,BR_00000006,normal_real,46.0,1330.0,1.0,770.0,810.0,DC51D+Z,,,,,,
initial-000016,BR_00000001,21,0030123653-000060,0030123653-000060,0030123653-000060,BR_00000006,normal_real,96.0,1260.0,0.8,700.0,840.0,DC51D+Z,,,,,,
initial-000016,BR_00000001,22,0030124871-000030,0030124871-000030,0030124871-000030,BR_00000006,normal_real,20.0,1250.0,0.95,710.0,730.0,DX51D+Z,,,,,,
initial-000016,BR_00000001,23,0030124735-000100,0030124735-000100,0030124735-000100,BR_00000006,actual_transition,24.0,1250.0,1.0,700.0,840.0,DX51D+Z,,,,,,
initial-000016,BR_00000001,24,0030122897-000040,0030122897-000040,0030122897-000040,BR_00000006,actual_transition,24.0,1250.0,1.0,700.0,840.0,DC51D+Z,,,,,,
initial-000018,BR_00000001,0,0030124871-000100,0030124871-000100,0030124871-000100,BR_00000006,normal_real,210.0,1585.0,0.75,730.0,750.0,DX51D+Z,,,,,,
initial-000018,BR_00000001,1,0030124871-000090,0030124871-000090,0030124871-000090,BR_00000006,normal_real,70.0,1550.0,0.75,730.0,750.0,DX51D+Z,,,,,,
initial-000018,BR_00000001,2,0030125168-000080,0030125168-000080,0030125168-000080,BR_00000006,normal_real,24.0,1500.0,0.8,700.0,840.0,DX51D+Z,,,,,,
initial-000018,BR_00000001,3,0002002170-000020,0002002170-000020,0002002170-000020,BR_00000006,normal_real,69.0,1498.0,0.8,830.0,850.0,DC53D+Z,,,,,,
initial-000018,BR_00000001,4,0002002170-000160,0002002170-000160,0002002170-000160,BR_00000006,normal_real,23.0,1495.0,0.7,830.0,850.0,DC53D+Z,,,,,,
initial-000018,BR_00000001,5,0030124397-000030,0030124397-000030,0030124397-000030,BR_00000006,normal_real,24.0,1465.0,0.7,830.0,850.0,DC56D+Z,,,,,,
initial-000018,BR_00000001,6,0030120049-000040,0030120049-000040,0030120049-000040,BR_00000001,normal_real,24.0,1440.0,0.7,830.0,850.0,DC56D+Z,,,,,,
initial-000018,BR_00000001,7,0002002170-000240,0002002170-000240,0002002170-000240,BR_00000006,normal_real,80.0,1434.0,0.7,830.0,850.0,DC53D+Z,,,,,,
initial-000018,BR_00000001,8,0030123143-000040,0030123143-000040,0030123143-000040,BR_00000006,normal_real,67.97,1430.0,0.65,830.0,850.0,SCG4+Z,,,,,,
initial-000018,BR_00000001,9,0002002180-000280,0002002180-000280,0002002180-000280,BR_00000006,normal_real,20.0,1390.0,0.65,830.0,850.0,DC53D+Z,,,,,,
initial-000018,BR_00000001,10,0030122759-000030,0030122759-000030,0030122759-000030,BR_00000006,normal_real,88.0,1374.0,0.75,830.0,850.0,CR3,,,,,,
initial-000018,BR_00000001,11,0030124735-000060,0030124735-000060,0030124735-000060,BR_00000006,normal_real,24.0,1360.0,0.8,820.0,840.0,DX53D+Z,,,,,,
initial-000018,BR_00000001,12,0002002184-000010,0002002184-000010,0002002184-000010,BR_00000006,normal_real,23.0,1354.0,0.65,830.0,850.0,DC56D+Z,,,,,,
initial-000018,BR_00000001,13,0030123255-000010,0030123255-000010,0030123255-000010,BR_00000006,normal_real,92.0,1350.0,0.6,820.0,840.0,HC180BD+Z,,,,,,
initial-000018,BR_00000001,14,0002002176-000240,0002002176-000240,0002002176-000240,BR_00000006,normal_real,69.0,1335.0,0.65,820.0,840.0,DC53D+Z,,,,,,
initial-000018,BR_00000001,15,0030123141-000020,0030123141-000020,0030123141-000020,BR_00000006,normal_real,100.0,1330.0,0.65,830.0,850.0,SCG4+Z,,,,,,
initial-000018,BR_00000001,16,0002002162-000110,0002002162-000110,0002002162-000110,BR_00000006,normal_real,24.0,1305.0,0.65,830.0,850.0,DC53D+Z,,,,,,
initial-000018,BR_00000001,17,0002002170-000340,0002002170-000340,0002002170-000340,BR_00000006,normal_real,23.0,1280.0,0.65,830.0,850.0,DC54D+Z,,,,,,
initial-000018,BR_00000001,18,0030122897-000100,0030122897-000100,0030122897-000100,BR_00000006,actual_transition,96.0,1250.0,0.75,700.0,840.0,DC51D+Z,,,,,,
initial-000018,BR_00000001,19,0030124081-000010,0030124081-000010,0030124081-000010,BR_00000006,actual_transition,48.0,1250.0,0.75,700.0,840.0,DC51D+Z,,,,,,
initial-000018,BR_00000001,20,0030124824-000030,0030124824-000030,0030124824-000030,BR_00000006,normal_real,37.29,1250.0,0.75,730.0,750.0,DX51D+Z,,,,,,
initial-000018,BR_00000001,21,0010019881-000010,0010019881-000010,0010019881-000010,BR_00000006,actual_transition,24.0,1250.0,0.8,700.0,840.0,DC51D+Z,,,,,,
initial-000018,BR_00000001,22,0010019881-000020,0010019881-000020,0010019881-000020,BR_00000006,actual_transition,24.0,1250.0,0.95,700.0,840.0,DC51D+Z,,,,,,
initial-000018,BR_00000001,23,0030124871-000020,0030124871-000020,0030124871-000020,BR_00000006,normal_real,20.0,1250.0,1.15,710.0,730.0,DX51D+Z,,,,,,
initial-000018,BR_00000001,24,0030122897-000050,0030122897-000050,0030122897-000050,BR_00000006,actual_transition,24.0,1250.0,1.2,700.0,840.0,DC51D+Z,,,,,,
initial-000018,BR_00000001,25,0030124207-000020,0030124207-000020,0030124207-000020,BR_00000006,actual_transition,24.0,1250.0,1.2,700.0,840.0,DC51D+Z,,,,,,
initial-000018,BR_00000001,26,0030125168-000090,0030125168-000090,0030125168-000090,BR_00000006,normal_real,24.0,1250.0,1.2,770.0,810.0,DX52D+Z-LG,,,,,,
initial-000018,BR_00000001,27,0002002202-000020,0002002202-000020,0002002202-000020,BR_00000006,normal_real,23.0,1245.0,1.2,770.0,810.0,DC51D+Z,,,,,,
initial-000018,BR_00000001,28,0030124800-000010,0030124800-000010,0030124800-000010,BR_00000006,normal_real,24.0,1240.0,1.0,770.0,810.0,DX52D+Z,,,,,,
initial-000018,BR_00000001,29,0030125184-000010,0030125184-000010,0030125184-000010,BR_00000006,normal_real,48.0,1183.0,1.0,790.0,810.0,HC220YD+Z,,,,,,
initial-000018,BR_00000001,30,0030118093-000020,0030118093-000020,0030118093-000020,BR_00000001,normal_real,135.54,1172.0,1.0,700.0,840.0,DX51D+Z,,,,,,
initial-000018,BR_00000001,31,0030124440-000030,0030124440-000030,0030124440-000030,BR_00000006,normal_real,24.0,1155.0,0.9,770.0,810.0,DX52D+Z,,,,,,
initial-000018,BR_00000001,32,0002002202-000210,0002002202-000210,0002002202-000210,BR_00000006,normal_real,8.21,1155.0,1.0,770.0,810.0,DC51D+Z,,,,,,
initial-000018,BR_00000001,33,0002002170-000080,0002002170-000080,0002002170-000080,BR_00000006,normal_real,23.0,1128.0,1.0,770.0,810.0,DC51D+Z,,,,,,
initial-000018,BR_00000001,34,0030124440-000020,0030124440-000020,0030124440-000020,BR_00000006,normal_real,23.0,1125.0,0.9,770.0,810.0,DX52D+Z,,,,,,
initial-000018,BR_00000001,35,0002002169-000030,0002002169-000030,0002002169-000030,BR_00000006,normal_real,30.0,1120.0,0.7,770.0,810.0,DC51D+Z,,,,,,
initial-000018,BR_00000001,36,0002002195-000060,0002002195-000060,0002002195-000060,BR_00000006,normal_real,61.96,1095.0,0.65,770.0,810.0,DC51D+Z,,,,,,
initial-000018,BR_00000001,37,0002002202-000150,0002002202-000150,0002002202-000150,BR_00000006,normal_real,25.0,1095.0,0.7,770.0,810.0,DC51D+Z,,,,,,
initial-000018,BR_00000001,38,0002002195-000170,0002002195-000170,0002002195-000170,BR_00000006,normal_real,24.0,1088.0,0.65,770.0,810.0,DC51D+Z,,,,,,
initial-000018,BR_00000001,39,0002002202-000160,0002002202-000160,0002002202-000160,BR_00000006,normal_real,19.0,1085.0,0.7,770.0,810.0,DC51D+Z,,,,,,
initial-000018,BR_00000001,40,0030124800-000030,0030124800-000030,0030124800-000030,BR_00000006,normal_real,23.0,1084.0,0.8,770.0,810.0,DX52D+Z,,,,,,
initial-000018,BR_00000001,41,0002002176-000070,0002002176-000070,0002002176-000070,BR_00000006,normal_real,100.0,1063.0,1.0,770.0,810.0,DC51D+Z,,,,,,
initial-000024,BR_00000001,0,0030124583-000010,0030124583-000010,0030124583-000010,BR_00000006,actual_transition,24.0,1388.0,1.6,700.0,720.0,DC51D+Z,,,,,,
initial-000024,BR_00000001,1,0030125101-000020,0030125101-000020,0030125101-000020,BR_00000006,normal_real,120.0,1360.0,1.5,700.0,720.0,DC51D+Z-Q,,,,,,
initial-000024,BR_00000001,2,0010019881-000060,0010019881-000060,0010019881-000060,BR_00000006,actual_transition,96.0,1355.0,1.95,700.0,840.0,DC51D+Z,,,,,,
initial-000024,BR_00000001,3,0002002054-000060,0002002054-000060,0002002054-000060,BR_00000001,normal_real,50.0,1300.0,2.0,820.0,840.0,DX53D+Z-MD,,,,,,
initial-000024,BR_00000001,4,0005000571-000030,0005000571-000030,0005000571-000030,BR_00000006,normal_real,7.0,1256.0,2.0,830.0,850.0,CR180BH,,,,,,
initial-000024,BR_00000001,5,0005000563-000090,0005000563-000090,0005000563-000090,BR_00000006,normal_real,21.0,1245.0,1.75,830.0,850.0,CR3,,,,,,
initial-000024,BR_00000001,6,0002002059-000020,0002002059-000020,0002002059-000020,BR_00000001,normal_real,20.43,1243.0,1.5,820.0,840.0,DX53D+Z-CD,,,,,,
initial-000024,BR_00000001,7,0002002053-000070,0002002053-000070,0002002053-000070,BR_00000001,normal_real,25.67,1219.0,1.2,820.0,840.0,DX53D+Z-MD,,,,,,
initial-000024,BR_00000001,8,0030119945-000140,0030119945-000140,0030119945-000140,BR_00000001,normal_real,24.0,1195.0,1.3,830.0,850.0,DC54D+Z,,,,,,
initial-000024,BR_00000001,9,0030119597-000010,0030119597-000010,0030119597-000010,BR_00000001,normal_real,7.08,1155.0,1.2,830.0,850.0,DC54D+Z,,,,,,
initial-000024,BR_00000001,10,0030125147-000020,0030125147-000020,0030125147-000020,BR_00000006,normal_real,23.0,1145.0,1.0,820.0,840.0,DC53D+Z,,,,,,
initial-000024,BR_00000001,11,0030123508-000010,0030123508-000010,0030123508-000010,BR_00000006,normal_real,138.0,1145.0,1.0,830.0,850.0,HDX53D+Z-SN,,,,,,
initial-000024,BR_00000001,12,0030118261-000010,0030118261-000010,0030118261-000010,BR_00000001,normal_real,57.02,1145.0,1.0,830.0,850.0,HDX53D+Z-SN,,,,,,
initial-000024,BR_00000001,13,0030124170-000010,0030124170-000010,0030124170-000010,BR_00000006,normal_real,69.0,1145.0,1.0,830.0,850.0,HDX53D+Z-SN,,,,,,
initial-000024,BR_00000001,14,0005000571-000020,0005000571-000020,0005000571-000020,BR_00000006,normal_real,7.0,1135.0,1.2,830.0,850.0,CR4,,,,,,
initial-000024,BR_00000001,15,0002002184-000090,0002002184-000090,0002002184-000090,BR_00000006,normal_real,30.0,1134.0,1.0,830.0,850.0,DC56D+Z,,,,,,
initial-000024,BR_00000001,16,0005000563-000290,0005000563-000290,0005000563-000290,BR_00000006,normal_real,20.0,1100.0,0.8,830.0,850.0,CR180BH,,,,,,
initial-000024,BR_00000001,17,0005000547-000400,0005000547-000400,0005000547-000400,BR_00000001,normal_real,20.0,1100.0,0.8,830.0,850.0,CR180BH,,,,,,
initial-000024,BR_00000001,18,0002002053-000020,0002002053-000020,0002002053-000020,BR_00000001,normal_real,8.8,1100.0,0.8,820.0,840.0,DX53D+Z-MD,,,,,,
initial-000024,BR_00000001,19,0030124438-000010,0030124438-000010,0030124438-000010,BR_00000006,normal_real,23.0,1083.0,0.8,830.0,850.0,DC54D+Z,,,,,,
initial-000024,BR_00000001,20,0030118934-000020,0030118934-000020,0030118934-000020,BR_00000001,normal_real,238.96,1060.0,0.95,820.0,840.0,HX220BD+Z,,,,,,
initial-000024,BR_00000001,21,0030124824-000020,0030124824-000020,0030124824-000020,BR_00000006,normal_real,430.0,1055.0,0.95,820.0,840.0,DX53D+Z,,,,,,
initial-000024,BR_00000001,22,0030119031-000020,0030119031-000020,0030119031-000020,BR_00000001,normal_real,26.67,1055.0,0.95,820.0,840.0,DX53D+Z,,,,,,
initial-000024,BR_00000001,23,0030118093-000060,0030118093-000060,0030118093-000060,BR_00000001,normal_real,31.46,1048.0,0.8,820.0,840.0,DC53D+Z,,,,,,
initial-000024,BR_00000001,24,0030123145-000020,0030123145-000020,0030123145-000020,BR_00000006,normal_real,21.43,1010.0,0.8,810.0,830.0,HC180YD+Z,,,,,,
initial-000024,BR_00000001,25,0030122899-000010,0030122899-000010,0030122899-000010,BR_00000006,actual_transition,60.0,1000.0,0.8,700.0,840.0,DC51D+Z,,,,,,
initial-000024,BR_00000001,26,0030122480-000090,0030122480-000090,0030122480-000090,BR_00000006,normal_real,22.0,990.0,0.7,830.0,850.0,DX53D+Z,,,,,,
initial-000024,BR_00000001,27,0030120940-000030,0030120940-000030,0030120940-000030,BR_00000002,normal_real,18.0,950.0,0.7,830.0,850.0,DC56D+Z,,,,,,
initial-000024,BR_00000001,28,0030122480-000040,0030122480-000040,0030122480-000040,BR_00000006,normal_real,72.0,950.0,0.7,830.0,850.0,DX54D+Z,,,,,,
initial-000024,BR_00000001,29,0030120745-000010,0030120745-000010,0030120745-000010,BR_00000001,normal_real,12.99,865.0,0.8,830.0,850.0,DX53D+Z,,,,,,
initial-000025,BR_00000001,0,0030121196-000030,0030121196-000030,0030121196-000030,BR_00000002,normal_real,46.91,1500.0,0.7,770.0,790.0,HC340/590DPD+Z,,,,,,
initial-000025,BR_00000001,1,0030123053-000010,0030123053-000010,0030123053-000010,BR_00000006,actual_transition,48.0,1440.0,0.8,700.0,840.0,DC51D+Z,,,,,,
initial-000025,BR_00000001,2,0030118957-000010,0030118957-000010,0030118957-000010,BR_00000001,normal_real,48.0,1360.0,0.7,700.0,720.0,DX51D+Z3,,,,,,
initial-000025,BR_00000001,3,0030124735-000090,0030124735-000090,0030124735-000090,BR_00000006,actual_transition,24.0,1325.0,0.7,700.0,840.0,DX51D+Z,,,,,,
initial-000025,BR_00000001,4,0002002195-000120,0002002195-000120,0002002195-000120,BR_00000006,normal_real,72.0,1315.0,0.65,770.0,810.0,DC51D+Z,,,,,,
initial-000025,BR_00000001,5,0002002202-000090,0002002202-000090,0002002202-000090,BR_00000006,normal_real,138.0,1280.0,0.65,770.0,810.0,DC51D+Z,,,,,,
initial-000025,BR_00000001,6,0030123916-000040,0030123916-000040,0030123916-000040,BR_00000006,actual_transition,23.0,1250.0,0.6,700.0,840.0,DC51D+Z,,,,,,
initial-000025,BR_00000001,7,0030118006-000020,0030118006-000020,0030118006-000020,BR_00000001,normal_real,29.28,1240.0,0.6,700.0,840.0,DC51D+Z,,,,,,
initial-000025,BR_00000001,8,0030125207-000050,0030125207-000050,0030125207-000050,BR_00000006,normal_real,48.0,1233.0,0.7,770.0,810.0,DC51D+Z,,,,,,
initial-000025,BR_00000001,9,0010019680-000010,0010019680-000010,0010019680-000010,BR_00000006,normal_real,48.0,1170.0,0.6,700.0,840.0,DC51D+Z-D,,,,,,
initial-000025,BR_00000001,10,0002002184-000060,0002002184-000060,0002002184-000060,BR_00000006,normal_real,23.0,1170.0,0.6,770.0,810.0,DC51D+Z,,,,,,
initial-000025,BR_00000001,11,0010019680-000030,0010019680-000030,0010019680-000030,BR_00000006,normal_real,48.0,1160.0,0.6,700.0,840.0,DC51D+Z-D,,,,,,
initial-000025,BR_00000001,12,0030124827-000010,0030124827-000010,0030124827-000010,BR_00000006,normal_real,70.0,1140.0,0.75,730.0,750.0,DX51D+Z,,,,,,
initial-000025,BR_00000001,13,0030124827-000020,0030124827-000020,0030124827-000020,BR_00000006,normal_real,50.0,1100.0,0.75,730.0,750.0,DX51D+Z,,,,,,
initial-000025,BR_00000001,14,0030124871-000130,0030124871-000130,0030124871-000130,BR_00000006,normal_real,180.0,1100.0,0.75,730.0,750.0,DX51D+Z,,,,,,
initial-000025,BR_00000001,15,0010019680-000020,0010019680-000020,0010019680-000020,BR_00000006,normal_real,69.0,1072.0,0.75,730.0,750.0,DC51D+Z-D,,,,,,
initial-000025,BR_00000001,16,0030124826-000040,0030124826-000040,0030124826-000040,BR_00000006,normal_real,50.0,1055.0,0.6,730.0,750.0,DX51D+Z,,,,,,
initial-000025,BR_00000001,17,0030124824-000040,0030124824-000040,0030124824-000040,BR_00000006,normal_real,92.95,1055.0,0.6,730.0,750.0,DX51D+Z,,,,,,
initial-000025,BR_00000001,18,0030120951-000010,0030120951-000010,0030120951-000010,BR_00000002,normal_real,32.24,1050.0,0.7,700.0,840.0,DX51D+Z,,,,,,
initial-000025,BR_00000001,19,0002002180-000350,0002002180-000350,0002002180-000350,BR_00000006,normal_real,20.0,1025.0,0.6,810.0,830.0,180YD+Z,,,,,,
initial-000025,BR_00000001,20,0002002006-000230,0002002006-000230,0002002006-000230,BR_00000001,normal_real,21.76,1020.0,0.6,810.0,830.0,180YD+Z,,,,,,
initial-000025,BR_00000001,21,0030124457-000010,0030124457-000010,0030124457-000010,BR_00000006,normal_real,44.0,1001.0,0.6,820.0,840.0,DX53D+Z,,,,,,
initial-000025,BR_00000001,22,0002002180-000010,0002002180-000010,0002002180-000010,BR_00000006,normal_real,39.0,985.0,0.6,810.0,830.0,180YD+Z,,,,,,
initial-000025,BR_00000001,23,0002002176-000120,0002002176-000120,0002002176-000120,BR_00000006,normal_real,25.0,913.0,0.6,810.0,830.0,180YD+Z,,,,,,
initial-000025,BR_00000001,24,0030124437-000010,0030124437-000010,0030124437-000010,BR_00000006,actual_transition,18.0,910.0,0.8,700.0,840.0,DC51D+Z,,,,,,
initial-000026,BR_00000001,0,0030122898-000030,0030122898-000030,0030122898-000030,BR_00000006,actual_transition,96.0,1500.0,2.5,700.0,720.0,DC51D+Z,,,,,,
initial-000026,BR_00000001,1,0030124735-000130,0030124735-000130,0030124735-000130,BR_00000006,actual_transition,24.0,1250.0,2.45,700.0,720.0,DC51D+Z,,,,,,
initial-000026,BR_00000001,2,0030122898-000040,0030122898-000040,0030122898-000040,BR_00000006,actual_transition,240.0,1250.0,2.5,700.0,720.0,DC51D+Z,,,,,,
initial-000026,BR_00000001,3,0030122899-000050,0030122899-000050,0030122899-000050,BR_00000006,actual_transition,240.0,1250.0,2.5,700.0,720.0,DC51D+Z,,,,,,
initial-000026,BR_00000001,4,0030121724-000020,0030121724-000020,0030121724-000020,BR_00000002,actual_transition,195.2,1250.0,2.5,700.0,720.0,DC51D+Z,,,,,,
initial-000026,BR_00000001,5,0030118921-000020,0030118921-000020,0030118921-000020,BR_00000001,actual_transition,23.0,1110.0,2.49,700.0,720.0,DC51D+Z,,,,,,
initial-000026,BR_00000001,6,0010020206-000030,0010020206-000030,0010020206-000030,BR_00000006,actual_transition,110.0,1000.0,2.5,700.0,720.0,DC51D+Z,,,,,,
initial-000027,BR_00000001,0,0002002185-000030,0002002185-000030,0002002185-000030,BR_00000006,normal_real,23.0,1373.0,1.6,770.0,810.0,DC51D+Z,,,,,,
initial-000027,BR_00000001,1,0002002170-000040,0002002170-000040,0002002170-000040,BR_00000006,normal_real,23.0,1251.0,1.8,770.0,810.0,DC51D+Z,,,,,,
initial-000027,BR_00000001,2,0030123653-000010,0030123653-000010,0030123653-000010,BR_00000006,normal_real,96.0,1225.0,1.5,700.0,840.0,DC51D+Z,,,,,,
initial-000027,BR_00000001,3,0002002053-000100,0002002053-000100,0002002053-000100,BR_00000001,normal_real,92.0,1219.0,1.5,820.0,840.0,DX53D+Z-MD,,,,,,
initial-000027,BR_00000001,4,0005000548-000050,0005000548-000050,0005000548-000050,BR_00000001,normal_real,7.0,1214.0,1.5,820.0,840.0,CR240BH,,,,,,
initial-000027,BR_00000001,5,0030124772-000010,0030124772-000010,0030124772-000010,BR_00000006,actual_transition,24.0,1200.0,1.5,700.0,840.0,DC51D+Z,,,,,,
initial-000027,BR_00000001,6,0002002195-000090,0002002195-000090,0002002195-000090,BR_00000006,normal_real,48.0,1200.0,1.6,795.0,815.0,220YD+Z,,,,,,
initial-000027,BR_00000001,7,0002002202-000260,0002002202-000260,0002002202-000260,BR_00000006,normal_real,15.93,1175.0,1.6,770.0,810.0,DC51D+Z,,,,,,
initial-000027,BR_00000001,8,0002002202-000120,0002002202-000120,0002002202-000120,BR_00000006,normal_real,23.0,1163.0,1.4,770.0,810.0,DC51D+Z,,,,,,
initial-000027,BR_00000001,9,0002002006-000190,0002002006-000190,0002002006-000190,BR_00000001,normal_real,7.7,1152.0,1.2,770.0,810.0,DC51D+Z,,,,,,
initial-000027,BR_00000001,10,0002002202-000220,0002002202-000220,0002002202-000220,BR_00000006,normal_real,23.0,1115.0,1.2,770.0,810.0,DC51D+Z,,,,,,
initial-000027,BR_00000001,11,0002002185-000010,0002002185-000010,0002002185-000010,BR_00000006,normal_real,23.0,1113.0,1.2,770.0,810.0,DC51D+Z,,,,,,
initial-000027,BR_00000001,12,0002002169-000010,0002002169-000010,0002002169-000010,BR_00000006,normal_real,25.0,1090.0,1.4,770.0,810.0,DC51D+Z,,,,,,
initial-000027,BR_00000001,13,0002002202-000010,0002002202-000010,0002002202-000010,BR_00000006,normal_real,19.0,1085.0,1.4,770.0,810.0,DC51D+Z,,,,,,
initial-000027,BR_00000001,14,0002002202-000240,0002002202-000240,0002002202-000240,BR_00000006,normal_real,19.0,1065.0,1.4,770.0,810.0,DC51D+Z,,,,,,
initial-000027,BR_00000001,15,0002002202-000300,0002002202-000300,0002002202-000300,BR_00000006,normal_real,30.0,1030.0,1.6,770.0,810.0,DC51D+Z,,,,,,
initial-000027,BR_00000001,16,0002002202-000230,0002002202-000230,0002002202-000230,BR_00000006,normal_real,19.0,1020.0,1.4,770.0,810.0,DC51D+Z,,,,,,
initial-000027,BR_00000001,17,0030118934-000010,0030118934-000010,0030118934-000010,BR_00000001,normal_real,130.44,910.0,1.15,800.0,820.0,HX260YD+Z,,,,,,
initial-000027,BR_00000001,18,0002002180-000060,0002002180-000060,0002002180-000060,BR_00000006,normal_real,20.0,921.0,1.2,770.0,810.0,DC51D+Z,,,,,,
initial-000027,BR_00000001,19,0002002170-000140,0002002170-000140,0002002170-000140,BR_00000006,normal_real,16.0,899.0,1.2,770.0,810.0,DC51D+Z,,,,,,
initial-000027,BR_00000001,20,0002002170-000070,0002002170-000070,0002002170-000070,BR_00000006,normal_real,16.0,890.0,1.2,770.0,810.0,DC51D+Z,,,,,,
initial-000006,BR_00000001,0,0030119860-000010,0030119860-000010,0030119860-000010,BR_00000001,normal_real,38.27,1360.0,0.7,820.0,840.0,DC53D+Z,,,,,,
initial-000006,BR_00000001,1,0002002184-000040,0002002184-000040,0002002184-000040,BR_00000006,normal_real,92.0,1354.0,0.7,830.0,850.0,DC56D+Z,,,,,,
initial-000006,BR_00000001,2,0030125207-000110,0030125207-000110,0030125207-000110,BR_00000006,normal_real,24.0,1353.0,0.7,830.0,850.0,DC53D+Z,,,,,,
initial-000006,BR_00000001,3,0030118802-000010,0030118802-000010,0030118802-000010,BR_00000001,normal_real,14.77,1350.0,0.6,820.0,840.0,HC180BD+Z,,,,,,
initial-000006,BR_00000001,4,0002002055-000050,0002002055-000050,0002002055-000050,BR_00000001,normal_real,280.12,1310.0,0.6,815.0,835.0,DX51D+Z-MD,,,,,,
initial-000006,BR_00000001,5,0010019718-000020,0010019718-000020,0010019718-000020,BR_00000006,actual_transition,58.0,1300.0,0.5,700.0,840.0,DC51D+Z,,,,,,
initial-000006,BR_00000001,6,0002002055-000010,0002002055-000010,0002002055-000010,BR_00000001,normal_real,70.55,1250.0,0.5,815.0,835.0,DX51D+Z-MD,,,,,,
initial-000006,BR_00000001,7,0002002053-000130,0002002053-000130,0002002053-000130,BR_00000001,normal_real,23.0,1250.0,0.6,820.0,840.0,DX53D+Z-MD,,,,,,
initial-000006,BR_00000001,8,0002002176-000160,0002002176-000160,0002002176-000160,BR_00000006,normal_real,13.76,1220.0,0.65,830.0,850.0,DC53D+Z,,,,,,
initial-000006,BR_00000001,9,0030122086-000010,0030122086-000010,0030122086-000010,BR_00000003,normal_real,48.0,1220.0,0.65,830.0,850.0,DC56D+Z,,,,,,
initial-000006,BR_00000001,10,0030124871-000010,0030124871-000010,0030124871-000010,BR_00000006,normal_real,25.0,1200.0,0.75,820.0,840.0,DX53D+Z,,,,,,
initial-000006,BR_00000001,11,0030117283-000030,0030117283-000030,0030117283-000030,BR_00000001,normal_real,13.32,1190.0,0.7,830.0,850.0,SCG4+Z,,,,,,
initial-000006,BR_00000001,12,0030118093-000010,0030118093-000010,0030118093-000010,BR_00000001,normal_real,122.84,1165.0,0.6,700.0,840.0,DC51D+Z,,,,,,
initial-000006,BR_00000001,13,0030117932-000010,0030117932-000010,0030117932-000010,BR_00000001,normal_real,99.77,1162.0,0.6,700.0,840.0,DC51D+Z,,,,,,
initial-000006,BR_00000001,14,0002002176-000010,0002002176-000010,0002002176-000010,BR_00000006,normal_real,15.0,1150.0,0.65,770.0,810.0,DC51D+Z,,,,,,
initial-000006,BR_00000001,15,0002002148-000010,0002002148-000010,0002002148-000010,BR_00000006,normal_real,300.0,1148.0,0.65,770.0,810.0,DC51D+Z,,,,,,
initial-000006,BR_00000001,16,0002002195-000070,0002002195-000070,0002002195-000070,BR_00000006,normal_real,145.0,1148.0,0.65,770.0,810.0,DC51D+Z,,,,,,
initial-000006,BR_00000001,17,0002002202-000060,0002002202-000060,0002002202-000060,BR_00000006,normal_real,46.0,1145.0,0.7,770.0,810.0,DC51D+Z,,,,,,
initial-000006,BR_00000001,18,0002002176-000210,0002002176-000210,0002002176-000210,BR_00000006,normal_real,15.0,1042.0,0.6,770.0,810.0,DC51D+Z,,,,,,
initial-000006,BR_00000001,19,0002002185-000150,0002002185-000150,0002002185-000150,BR_00000006,normal_real,16.0,990.0,0.6,770.0,810.0,DC51D+Z,,,,,,
initial-000006,BR_00000001,20,0002002195-000020,0002002195-000020,0002002195-000020,BR_00000006,normal_real,44.0,985.0,0.65,770.0,810.0,DC51D+Z,,,,,,
initial-000006,BR_00000001,21,0002002170-000280,0002002170-000280,0002002170-000280,BR_00000006,normal_real,19.0,971.0,0.65,770.0,810.0,DC51D+Z,,,,,,
initial-000006,BR_00000001,22,0002002195-000010,0002002195-000010,0002002195-000010,BR_00000006,normal_real,10.0,918.0,0.65,770.0,810.0,DC51D+Z,,,,,,
initial-000006,BR_00000001,23,0002002195-000210,0002002195-000210,0002002195-000210,BR_00000006,normal_real,8.86,830.0,0.6,770.0,810.0,DC51D+Z,,,,,,
initial-000006,BR_00000001,24,0002002009-000020,0002002009-000020,0002002009-000020,BR_00000001,normal_real,8.14,828.0,0.65,770.0,810.0,DC51D+Z,,,,,,
initial-000023,BR_00000001,0,0030125102-000010,0030125102-000010,0030125102-000010,BR_00000006,normal_real,72.0,1182.0,0.7,820.0,840.0,DC53D+Z,,,,,,
initial-000023,BR_00000001,1,0030118934-000050,0030118934-000050,0030118934-000050,BR_00000001,normal_real,15.37,1160.0,0.7,830.0,850.0,DX54D+Z,,,,,,
initial-000023,BR_00000001,2,0002002185-000060,0002002185-000060,0002002185-000060,BR_00000006,normal_real,23.0,1155.0,0.65,830.0,850.0,DC54D+Z,,,,,,
initial-000023,BR_00000001,3,0002002170-000180,0002002170-000180,0002002170-000180,BR_00000006,normal_real,46.0,1133.0,0.7,830.0,850.0,DC53D+Z,,,,,,
initial-000023,BR_00000001,4,0005000545-000020,0005000545-000020,0005000545-000020,BR_00000001,normal_real,9.59,1130.0,0.7,820.0,840.0,CR210BH,,,,,,
initial-000023,BR_00000001,5,0030119041-000020,0030119041-000020,0030119041-000020,BR_00000001,normal_real,16.85,1120.0,0.6,820.0,840.0,HC180BD+Z,,,,,,
initial-000023,BR_00000001,6,0030119959-000010,0030119959-000010,0030119959-000010,BR_00000001,normal_real,23.0,1120.0,0.65,830.0,850.0,DC54D+Z,,,,,,
initial-000023,BR_00000001,7,0030124772-000060,0030124772-000060,0030124772-000060,BR_00000006,normal_real,23.0,1120.0,0.65,830.0,850.0,DC54D+Z,,,,,,
initial-000023,BR_00000001,8,0030118934-000060,0030118934-000060,0030118934-000060,BR_00000001,normal_real,188.59,1120.0,0.7,830.0,850.0,DX54D+Z,,,,,,
initial-000023,BR_00000001,9,0002002180-000270,0002002180-000270,0002002180-000270,BR_00000006,normal_real,20.0,1100.0,0.65,830.0,850.0,DC53D+Z,,,,,,
initial-000023,BR_00000001,10,0002002170-000210,0002002170-000210,0002002170-000210,BR_00000006,normal_real,45.97,1095.0,0.7,830.0,850.0,DC53D+Z,,,,,,
initial-000023,BR_00000001,11,0030119032-000020,0030119032-000020,0030119032-000020,BR_00000001,normal_real,10.4,1080.0,0.75,820.0,840.0,DX53D+Z,,,,,,
initial-000023,BR_00000001,12,0030117933-000010,0030117933-000010,0030117933-000010,BR_00000001,normal_real,10.9,1075.0,0.7,700.0,840.0,DX51D+Z,,,,,,
initial-000023,BR_00000001,13,0030121690-000040,0030121690-000040,0030121690-000040,BR_00000002,normal_real,11.87,1070.0,0.67,820.0,840.0,HC220BD+Z,,,,,,
initial-000023,BR_00000001,14,0030122480-000080,0030122480-000080,0030122480-000080,BR_00000006,normal_real,69.0,1060.0,0.65,830.0,850.0,DX53D+Z,,,,,,
initial-000023,BR_00000001,15,0030120757-000020,0030120757-000020,0030120757-000020,BR_00000001,normal_real,17.37,1044.0,0.7,830.0,850.0,DC54D+Z,,,,,,
initial-000023,BR_00000001,16,0030122480-000110,0030122480-000110,0030122480-000110,BR_00000006,normal_real,110.0,1040.0,0.7,830.0,850.0,DX53D+Z,,,,,,
initial-000023,BR_00000001,17,0030118799-000010,0030118799-000010,0030118799-000010,BR_00000001,normal_real,7.55,1010.0,0.65,820.0,840.0,HC180BD+Z,,,,,,
initial-000023,BR_00000001,18,0030123256-000010,0030123256-000010,0030123256-000010,BR_00000006,normal_real,100.0,1010.0,0.65,820.0,840.0,HC180BD+Z,,,,,,
initial-000023,BR_00000001,19,0002002170-000170,0002002170-000170,0002002170-000170,BR_00000006,normal_real,100.0,1000.0,0.65,810.0,830.0,180YD+Z,,,,,,
initial-000023,BR_00000001,20,0005000563-000210,0005000563-000210,0005000563-000210,BR_00000006,normal_real,21.0,995.0,0.7,800.0,820.0,CR2,,,,,,
initial-000023,BR_00000001,21,0030123145-000010,0030123145-000010,0030123145-000010,BR_00000006,normal_real,51.02,975.0,0.65,810.0,830.0,HC180YD+Z,,,,,,
initial-000023,BR_00000001,22,0030123255-000030,0030123255-000030,0030123255-000030,BR_00000006,normal_real,36.0,935.0,0.65,820.0,840.0,DC56D+Z,,,,,,
initial-000023,BR_00000001,23,0030123256-000020,0030123256-000020,0030123256-000020,BR_00000006,normal_real,92.21,930.0,0.65,820.0,840.0,HC180BD+Z,,,,,,
initial-000023,BR_00000001,24,0002002162-000070,0002002162-000070,0002002162-000070,BR_00000006,normal_real,18.0,930.0,0.6,830.0,850.0,DC54D+Z,,,,,,
initial-000023,BR_00000001,25,0002002184-000190,0002002184-000190,0002002184-000190,BR_00000006,normal_real,64.0,840.0,0.6,830.0,850.0,DC56D+Z,,,,,,
initial-000005,BR_00000001,0,0030123142-000040,0030123142-000040,0030123142-000040,BR_00000006,normal_real,156.0,1360.0,0.65,830.0,850.0,SCG4+Z,,,,,,
initial-000005,BR_00000001,1,0030124871-000120,0030124871-000120,0030124871-000120,BR_00000006,normal_real,220.0,1360.0,0.6,820.0,840.0,DX53D+Z,,,,,,
initial-000005,BR_00000001,2,0030125150-000030,0030125150-000030,0030125150-000030,BR_00000006,normal_real,96.0,1360.0,0.7,810.0,830.0,HC180YD+Z,,,,,,
initial-000005,BR_00000001,3,0030124683-000040,0030124683-000040,0030124683-000040,BR_00000006,normal_real,192.0,1360.0,0.7,810.0,830.0,HC180YD+Z,,,,,,
initial-000005,BR_00000001,4,0030119860-000040,0030119860-000040,0030119860-000040,BR_00000001,normal_real,180.24,1360.0,0.7,810.0,830.0,HC180YD+Z,,,,,,
initial-000005,BR_00000001,5,0030125150-000010,0030125150-000010,0030125150-000010,BR_00000006,normal_real,24.0,1360.0,0.7,820.0,840.0,DC53D+Z,,,,,,
initial-000005,BR_00000001,6,0030124683-000010,0030124683-000010,0030124683-000010,BR_00000006,normal_real,96.0,1360.0,0.7,820.0,840.0,DC53D+Z,,,,,,
initial-000005,BR_00000001,7,0002002054-000260,0002002054-000260,0002002054-000260,BR_00000001,normal_real,293.39,1150.0,0.6,820.0,840.0,DX53D+Z-MD,,,,,,
initial-000005,BR_00000001,8,0002002170-000310,0002002170-000310,0002002170-000310,BR_00000006,normal_real,23.0,1120.0,0.6,810.0,830.0,180YD+Z,,,,,,
initial-000005,BR_00000001,9,0002002054-000310,0002002054-000310,0002002054-000310,BR_00000001,normal_real,11.7,1100.0,0.5,820.0,840.0,DX53D+Z-CD,,,,,,
initial-000005,BR_00000001,10,0030123142-000030,0030123142-000030,0030123142-000030,BR_00000006,normal_real,132.0,1090.0,0.55,830.0,850.0,SCG4+Z,,,,,,
initial-000005,BR_00000001,11,0030123425-000010,0030123425-000010,0030123425-000010,BR_00000006,normal_real,132.0,1090.0,0.55,830.0,850.0,SCG4+Z,,,,,,
initial-000005,BR_00000001,12,0030117284-000030,0030117284-000030,0030117284-000030,BR_00000001,normal_real,13.54,1090.0,0.55,830.0,850.0,SCG4+Z,,,,,,
initial-000005,BR_00000001,13,0030118093-000030,0030118093-000030,0030118093-000030,BR_00000001,normal_real,13.15,1050.0,0.5,820.0,840.0,DC53D+Z,,,,,,
initial-000005,BR_00000001,14,0030124826-000030,0030124826-000030,0030124826-000030,BR_00000006,normal_real,30.0,1050.0,0.6,820.0,840.0,DX53D+Z,,,,,,
initial-000005,BR_00000001,15,0002002170-000360,0002002170-000360,0002002170-000360,BR_00000006,normal_real,40.0,1030.0,0.6,830.0,850.0,DC54D+Z,,,,,,
initial-000005,BR_00000001,16,0030124437-000020,0030124437-000020,0030124437-000020,BR_00000006,normal_real,22.0,1003.0,0.8,830.0,850.0,DC54D+Z,,,,,,
initial-000005,BR_00000001,17,0030119215-000010,0030119215-000010,0030119215-000010,BR_00000001,normal_real,22.0,1001.0,0.6,820.0,840.0,DC53D+Z,,,,,,
initial-000005,BR_00000001,18,0010018206-000010,0010018206-000010,0010018206-000010,BR_00000001,actual_transition,31.76,1000.0,0.5,700.0,840.0,DC51D+Z,,,,,,
initial-000005,BR_00000001,19,0030122066-000020,0030122066-000020,0030122066-000020,BR_00000003,normal_real,24.0,1000.0,0.6,830.0,850.0,DC54D+Z,,,,,,
initial-000005,BR_00000001,20,0030122480-000100,0030122480-000100,0030122480-000100,BR_00000006,normal_real,154.0,995.0,0.7,830.0,850.0,DX53D+Z,,,,,,
initial-000005,BR_00000001,21,0005000563-000270,0005000563-000270,0005000563-000270,BR_00000006,normal_real,18.0,968.0,0.8,830.0,850.0,CR180BH,,,,,,
initial-000005,BR_00000001,22,0002002162-000080,0002002162-000080,0002002162-000080,BR_00000006,normal_real,18.0,950.0,0.8,830.0,850.0,DC56D+Z,,,,,,
initial-000005,BR_00000001,23,0030118632-000010,0030118632-000010,0030118632-000010,BR_00000001,normal_real,16.85,939.0,0.8,830.0,850.0,DC56D+Z,,,,,,
initial-000005,BR_00000001,24,0002002184-000020,0002002184-000020,0002002184-000020,BR_00000006,normal_real,16.0,883.0,0.65,830.0,850.0,DC53D+Z,,,,,,
initial-000005,BR_00000001,25,0030122080-000010,0030122080-000010,0030122080-000010,BR_00000003,normal_real,14.4,865.0,0.8,830.0,850.0,DX53D+Z,,,,,,
initial-000020,BR_00000001,0,0030124871-000080,0030124871-000080,0030124871-000080,BR_00000006,normal_real,60.0,1575.0,0.95,710.0,730.0,DX51D+Z,,,,,,
initial-000020,BR_00000001,1,0030124871-000140,0030124871-000140,0030124871-000140,BR_00000006,normal_real,30.0,1550.0,0.95,710.0,730.0,DX51D+Z,,,,,,
initial-000020,BR_00000001,2,0010019881-000030,0010019881-000030,0010019881-000030,BR_00000006,actual_transition,26.0,1500.0,0.95,700.0,840.0,DC51D+Z,,,,,,
initial-000020,BR_00000001,3,0002002195-000190,0002002195-000190,0002002195-000190,BR_00000006,normal_real,24.0,1500.0,1.0,830.0,850.0,DC54D+Z,,,,,,
initial-000020,BR_00000001,4,0010020206-000110,0010020206-000110,0010020206-000110,BR_00000006,actual_transition,117.45,1500.0,1.2,700.0,840.0,DC51D+Z,,,,,,
initial-000020,BR_00000001,5,0005000571-000040,0005000571-000040,0005000571-000040,BR_00000006,normal_real,10.0,1458.0,1.5,830.0,850.0,CR180BH,,,,,,
initial-000020,BR_00000001,6,0005000562-000050,0005000562-000050,0005000562-000050,BR_00000006,normal_real,23.0,1370.0,1.5,830.0,850.0,CR3,,,,,,
initial-000020,BR_00000001,7,0002002058-000020,0002002058-000020,0002002058-000020,BR_00000001,normal_real,18.91,1260.0,1.5,820.0,840.0,DX53D+Z-CD,,,,,,
initial-000020,BR_00000001,8,0030123653-000020,0030123653-000020,0030123653-000020,BR_00000006,normal_real,24.0,1250.0,1.2,700.0,840.0,DC51D+Z,,,,,,
initial-000020,BR_00000001,9,0002002054-000230,0002002054-000230,0002002054-000230,BR_00000001,normal_real,2.05,1236.0,1.0,820.0,840.0,DX53D+Z-CD,,,,,,
initial-000020,BR_00000001,10,0002002053-000150,0002002053-000150,0002002053-000150,BR_00000001,normal_real,18.76,1219.0,0.8,815.0,835.0,DX51D+Z-MD,,,,,,
initial-000020,BR_00000001,11,0002002055-000070,0002002055-000070,0002002055-000070,BR_00000001,normal_real,491.0,1191.0,0.6,820.0,840.0,DX53D+Z-MD,,,,,,
initial-000020,BR_00000001,12,0030123653-000030,0030123653-000030,0030123653-000030,BR_00000006,normal_real,48.0,1200.0,0.8,700.0,840.0,DC51D+Z,,,,,,
initial-000020,BR_00000001,13,0030125147-000010,0030125147-000010,0030125147-000010,BR_00000006,normal_real,24.0,1200.0,1.0,820.0,840.0,DC53D+Z,,,,,,
initial-000020,BR_00000001,14,0030120939-000080,0030120939-000080,0030120939-000080,BR_00000002,normal_real,46.0,1150.0,1.2,810.0,830.0,HC180YD+Z,,,,,,
initial-000020,BR_00000001,15,0030120939-000070,0030120939-000070,0030120939-000070,BR_00000002,normal_real,23.0,1100.0,1.2,810.0,830.0,HC180YD+Z,,,,,,
initial-000020,BR_00000001,16,0030120939-000060,0030120939-000060,0030120939-000060,BR_00000002,normal_real,23.45,1080.0,1.2,810.0,830.0,HC180YD+Z,,,,,,
initial-000020,BR_00000001,17,0030117285-000070,0030117285-000070,0030117285-000070,BR_00000001,normal_real,12.8,1060.0,1.0,800.0,820.0,SCG260Y+Z,,,,,,
initial-000020,BR_00000001,18,0002002021-000070,0002002021-000070,0002002021-000070,BR_00000001,normal_real,19.0,1044.0,1.0,770.0,810.0,DC51D+Z,,,,,,
initial-000020,BR_00000001,19,0002002184-000160,0002002184-000160,0002002184-000160,BR_00000006,normal_real,16.0,1036.0,1.2,770.0,810.0,DC51D+Z,,,,,,
initial-000020,BR_00000001,20,0030125207-000130,0030125207-000130,0030125207-000130,BR_00000006,normal_real,22.0,1011.0,1.2,800.0,820.0,HC260YD+Z,,,,,,
initial-000020,BR_00000001,21,0030122899-000020,0030122899-000020,0030122899-000020,BR_00000006,actual_transition,187.98,1000.0,1.0,700.0,840.0,DC51D+Z,,,,,,
initial-000020,BR_00000001,22,0030117110-000090,0030117110-000090,0030117110-000090,BR_00000001,normal_real,4.67,955.0,1.0,830.0,850.0,CR3,,,,,,
initial-000020,BR_00000001,23,0005000563-000170,0005000563-000170,0005000563-000170,BR_00000006,normal_real,48.0,900.0,1.2,830.0,850.0,CR180BH,,,,,,
initial-000019,BR_00000001,0,0030122647-000590,0030122647-000590,0030122647-000590,BR_00000006,normal_real,48.0,1500.0,2.49,820.0,840.0,DC53D+Z,,,,,,
initial-000019,BR_00000001,1,0030119938-000340,0030119938-000340,0030119938-000340,BR_00000001,normal_real,48.0,1500.0,2.49,820.0,840.0,DC53D+Z,,,,,,
initial-000019,BR_00000001,2,0030122647-000580,0030122647-000580,0030122647-000580,BR_00000006,normal_real,48.0,1363.0,2.49,820.0,840.0,DC53D+Z,,,,,,
initial-000019,BR_00000001,3,0030122647-000570,0030122647-000570,0030122647-000570,BR_00000006,normal_real,48.0,1300.0,2.49,820.0,840.0,DC53D+Z,,,,,,
initial-000019,BR_00000001,4,0030119938-000330,0030119938-000330,0030119938-000330,BR_00000001,normal_real,95.14,1300.0,2.49,820.0,840.0,DC53D+Z,,,,,,
initial-000019,BR_00000001,5,0030119938-000320,0030119938-000320,0030119938-000320,BR_00000001,normal_real,24.6,1250.0,2.49,820.0,840.0,DC53D+Z,,,,,,
initial-000019,BR_00000001,6,0030122647-000560,0030122647-000560,0030122647-000560,BR_00000006,normal_real,72.0,1250.0,2.49,820.0,840.0,DC53D+Z,,,,,,
initial-000019,BR_00000001,7,0002002074-000010,0002002074-000010,0002002074-000010,BR_00000006,normal_real,150.0,1200.0,2.0,820.0,840.0,DX53D+Z-MD,,,,,,
initial-000019,BR_00000001,8,virtual-000001,,,,virtual_sphc,20.0,1250.0,1.5,800.0,840.0,SPHC,,,virtual_sphc:1250x1.5,edge_bridge,1,
initial-000019,BR_00000001,9,virtual-000002,,,,virtual_sphc,20.0,1250.0,1.2,800.0,840.0,SPHC,,,virtual_sphc:1250x1.2,edge_bridge,2,
initial-000019,BR_00000001,10,0030123143-000070,0030123143-000070,0030123143-000070,BR_00000006,normal_real,88.0,1060.0,1.0,800.0,820.0,SCG260Y+Z,,,,,,
initial-000019,BR_00000001,11,0002002202-000200,0002002202-000200,0002002202-000200,BR_00000006,normal_real,19.0,1055.0,1.0,770.0,810.0,DC51D+Z,,,,,,
initial-000019,BR_00000001,12,0002002202-000180,0002002202-000180,0002002202-000180,BR_00000006,normal_real,19.0,1015.0,1.0,770.0,810.0,DC51D+Z,,,,,,
initial-000019,BR_00000001,13,0002002202-000100,0002002202-000100,0002002202-000100,BR_00000006,normal_real,19.0,1001.0,1.2,770.0,810.0,DC51D+Z,,,,,,
initial-000019,BR_00000001,14,0002002180-000170,0002002180-000170,0002002180-000170,BR_00000006,normal_real,20.0,930.0,1.0,770.0,810.0,DC51D+Z,,,,,,
initial-000019,BR_00000001,15,0002002170-000060,0002002170-000060,0002002170-000060,BR_00000006,normal_real,32.0,900.0,1.0,770.0,810.0,DC51D+Z,,,,,,
initial-000019,BR_00000001,16,0002002170-000120,0002002170-000120,0002002170-000120,BR_00000006,normal_real,23.0,836.0,1.0,770.0,810.0,DC51D+Z,,,,,,
initial-000031,BR_00000001,0,0030119183-000010,0030119183-000010,0030119183-000010,BR_00000001,normal_real,1.02,1233.0,2.45,760.0,780.0,HC340/590DPD+Z,,,,,,
initial-000031,BR_00000001,1,virtual-000003,,,,virtual_sphc,20.0,1250.0,2.5,760.0,840.0,SPHC,,,virtual_sphc:1250x2.5,edge_bridge,3,
initial-000031,BR_00000001,2,0030122647-000550,0030122647-000550,0030122647-000550,BR_00000006,normal_real,72.0,1200.0,2.49,820.0,840.0,DC53D+Z,,,,,,
initial-000031,BR_00000001,3,0030119938-000310,0030119938-000310,0030119938-000310,BR_00000001,normal_real,72.86,1200.0,2.49,820.0,840.0,DC53D+Z,,,,,,
initial-000031,BR_00000001,4,0030120757-000050,0030120757-000050,0030120757-000050,BR_00000001,normal_real,24.0,1164.0,2.0,830.0,850.0,DC54D+Z,,,,,,
initial-000031,BR_00000001,5,0005000575-000020,0005000575-000020,0005000575-000020,BR_00000006,normal_real,20.0,1105.0,1.5,830.0,850.0,CR3,,,,,,
initial-000031,BR_00000001,6,0002002053-000050,0002002053-000050,0002002053-000050,BR_00000001,normal_real,13.67,1100.0,1.2,820.0,840.0,DX53D+Z-MD,,,,,,
initial-000031,BR_00000001,7,0030120940-000120,0030120940-000120,0030120940-000120,BR_00000002,normal_real,20.15,1055.0,1.2,830.0,850.0,DC56D+Z,,,,,,
initial-000031,BR_00000001,8,0030125147-000030,0030125147-000030,0030125147-000030,BR_00000006,normal_real,110.0,1000.0,1.0,830.0,850.0,DC54D+Z,,,,,,
initial-000031,BR_00000001,9,0030122898-000020,0030122898-000020,0030122898-000020,BR_00000006,actual_transition,19.26,1000.0,1.2,700.0,840.0,DC51D+Z,,,,,,
initial-000031,BR_00000001,10,0005000546-000010,0005000546-000010,0005000546-000010,BR_00000001,normal_real,7.0,1015.0,1.4,830.0,850.0,CR3,,,,,,
initial-000031,BR_00000001,11,0030122488-000010,0030122488-000010,0030122488-000010,BR_00000006,normal_real,110.0,1000.0,1.25,820.0,840.0,DC53D+Z,,,,,,
initial-000031,BR_00000001,12,0005000563-000220,0005000563-000220,0005000563-000220,BR_00000006,normal_real,18.22,928.0,1.2,820.0,840.0,CR210BH,,,,,,
initial-000031,BR_00000001,13,0030122760-000020,0030122760-000020,0030122760-000020,BR_00000006,normal_real,18.35,914.0,1.5,830.0,850.0,CR180BH,,,,,,
initial-000031,BR_00000001,14,0030122480-000070,0030122480-000070,0030122480-000070,BR_00000006,normal_real,108.0,905.0,1.2,820.0,840.0,DX53D+Z,,,,,,
initial-000031,BR_00000001,15,0005000563-000240,0005000563-000240,0005000563-000240,BR_00000006,normal_real,16.0,900.0,1.2,830.0,850.0,CR3,,,,,,
initial-000031,BR_00000001,16,0002002184-000200,0002002184-000200,0002002184-000200,BR_00000006,normal_real,91.34,830.0,1.0,830.0,850.0,DC56D+Z,,,,,,
initial-000009,BR_00000001,0,0002002179-000010,0002002179-000010,0002002179-000010,BR_00000006,normal_real,41.0,1650.0,0.8,810.0,830.0,180YD+Z,,,,,,
initial-000009,BR_00000001,1,0030121690-000010,0030121690-000010,0030121690-000010,BR_00000002,normal_real,23.0,1580.0,0.8,820.0,840.0,HC180BD+Z,,,,,,
initial-000009,BR_00000001,2,0002002180-000140,0002002180-000140,0002002180-000140,BR_00000006,normal_real,20.0,1540.0,0.8,830.0,850.0,DC56D+Z,,,,,,
initial-000009,BR_00000001,3,0002002195-000200,0002002195-000200,0002002195-000200,BR_00000006,normal_real,24.0,1515.0,0.65,830.0,850.0,DC54D+Z,,,,,,
initial-000009,BR_00000001,4,0030123256-000040,0030123256-000040,0030123256-000040,BR_00000006,normal_real,69.0,1475.0,0.65,820.0,840.0,HC180BD+Z,,,,,,
initial-000009,BR_00000001,5,0002002170-000150,0002002170-000150,0002002170-000150,BR_00000006,normal_real,23.0,1433.0,0.65,810.0,830.0,180YD+Z,,,,,,
initial-000009,BR_00000001,6,0002002055-000030,0002002055-000030,0002002055-000030,BR_00000001,normal_real,66.82,1430.0,0.6,815.0,835.0,DX51D+Z-MD,,,,,,
initial-000009,BR_00000001,7,0002002054-000200,0002002054-000200,0002002054-000200,BR_00000001,normal_real,52.56,1385.0,0.8,815.0,835.0,DX51D+Z-MD,,,,,,
initial-000009,BR_00000001,8,0002002170-000410,0002002170-000410,0002002170-000410,BR_00000006,normal_real,23.0,1330.0,0.8,810.0,830.0,180YD+Z,,,,,,
initial-000009,BR_00000001,9,0030124683-000020,0030124683-000020,0030124683-000020,BR_00000006,normal_real,48.0,1305.0,0.7,820.0,840.0,DC53D+Z,,,,,,
initial-000009,BR_00000001,10,0030123654-000030,0030123654-000030,0030123654-000030,BR_00000006,normal_real,24.0,1304.0,0.7,830.0,850.0,DX53D+Z1,,,,,,
initial-000009,BR_00000001,11,0030124735-000120,0030124735-000120,0030124735-000120,BR_00000006,normal_real,24.0,1300.0,0.65,820.0,840.0,DX53D+Z,,,,,,
initial-000009,BR_00000001,12,0030122897-000070,0030122897-000070,0030122897-000070,BR_00000006,actual_transition,24.0,1250.0,0.75,700.0,840.0,DC51D+Z,,,,,,
initial-000009,BR_00000001,13,0030122897-000030,0030122897-000030,0030122897-000030,BR_00000006,actual_transition,24.0,1250.0,0.75,700.0,840.0,DC51D+Z,,,,,,
initial-000009,BR_00000001,14,0030124871-000070,0030124871-000070,0030124871-000070,BR_00000006,normal_real,230.0,1250.0,0.75,820.0,840.0,DX53D+Z,,,,,,
initial-000009,BR_00000001,15,0030123653-000050,0030123653-000050,0030123653-000050,BR_00000006,normal_real,120.0,1240.0,0.8,700.0,840.0,DC51D+Z,,,,,,
initial-000009,BR_00000001,16,0002002184-000080,0002002184-000080,0002002184-000080,BR_00000006,normal_real,23.0,1220.0,0.8,830.0,850.0,DC56D+Z,,,,,,
initial-000009,BR_00000001,17,0002002170-000420,0002002170-000420,0002002170-000420,BR_00000006,normal_real,23.0,1218.0,0.65,830.0,850.0,DC54D+Z,,,,,,
initial-000009,BR_00000001,18,0030124772-000020,0030124772-000020,0030124772-000020,BR_00000006,normal_real,24.0,1200.0,0.65,820.0,840.0,DC53D+Z,,,,,,
initial-000009,BR_00000001,19,0002002195-000080,0002002195-000080,0002002195-000080,BR_00000006,normal_real,190.0,1195.0,0.65,830.0,850.0,DC53D+Z,,,,,,
initial-000009,BR_00000001,20,0002002162-000100,0002002162-000100,0002002162-000100,BR_00000006,normal_real,24.0,1180.0,0.65,830.0,850.0,DC53D+Z,,,,,,
initial-000009,BR_00000001,21,0030117110-000010,0030117110-000010,0030117110-000010,BR_00000001,normal_real,13.2,1170.0,0.7,830.0,850.0,CR3,,,,,,
initial-000009,BR_00000001,22,0002002170-000200,0002002170-000200,0002002170-000200,BR_00000006,normal_real,126.53,1160.0,0.7,830.0,850.0,DC53D+Z,,,,,,
initial-000009,BR_00000001,23,0030120757-000040,0030120757-000040,0030120757-000040,BR_00000001,normal_real,25.98,1155.0,0.8,830.0,850.0,DC54D+Z,,,,,,
initial-000009,BR_00000001,24,virtual-000004,,,,virtual_sphc,20.0,1000.0,0.6,700.0,850.0,SPHC,,,virtual_sphc:1000x0.6,edge_bridge,4,
initial-000009,BR_00000001,25,virtual-000005,,,,virtual_sphc,20.0,1000.0,0.5,700.0,850.0,SPHC,,,virtual_sphc:1000x0.5,edge_bridge,5,
initial-000009,BR_00000001,26,0030120882-000010,0030120882-000010,0030120882-000010,BR_00000002,actual_transition,110.0,1000.0,0.45,700.0,840.0,DX51D+Z,,,,,,
initial-000009,BR_00000001,27,0010019618-000010,0010019618-000010,0010019618-000010,BR_00000006,actual_transition,198.0,1000.0,0.5,700.0,840.0,DC51D+Z,,,,,,
initial-000009,BR_00000001,28,0030124078-000010,0030124078-000010,0030124078-000010,BR_00000006,normal_real,44.0,1000.0,0.6,830.0,850.0,DC56D+Z,,,,,,
initial-000009,BR_00000001,29,0030122898-000010,0030122898-000010,0030122898-000010,BR_00000006,actual_transition,50.0,1000.0,0.8,700.0,840.0,DC51D+Z,,,,,,
initial-000009,BR_00000001,30,0030125207-000140,0030125207-000140,0030125207-000140,BR_00000006,normal_real,44.0,993.0,1.0,800.0,820.0,HC260YD+Z,,,,,,
initial-000009,BR_00000001,31,0002002170-000190,0002002170-000190,0002002170-000190,BR_00000006,normal_real,40.0,928.0,1.0,770.0,810.0,DC51D+Z,,,,,,
initial-000009,BR_00000001,32,0030124731-000020,0030124731-000020,0030124731-000020,BR_00000006,normal_real,54.0,920.0,0.9,770.0,810.0,DC51D+Z,,,,,,
initial-000009,BR_00000001,33,0002002202-000070,0002002202-000070,0002002202-000070,BR_00000006,normal_real,16.0,855.0,1.0,770.0,810.0,DC51D+Z,,,,,,
initial-000009,BR_00000001,34,virtual-000017,,,,virtual_sphc,20.0,1000.0,1.0,770.0,850.0,SPHC,,,virtual_sphc:1000x1,edge_bridge,17,
initial-000009,BR_00000001,35,0030125097-000010,0030125097-000010,0030125097-000010,BR_00000006,normal_real,7.65,870.0,1.2,830.0,850.0,DC56D+Z,,,,,,
initial-000017,BR_00000002,0,0030124871-000060,0030124871-000060,0030124871-000060,BR_00000006,normal_real,300.0,1250.0,1.15,820.0,840.0,DX53D+Z,,,,,,
initial-000017,BR_00000002,1,0010020206-000090,0010020206-000090,0010020206-000090,BR_00000006,actual_transition,52.98,1250.0,1.2,700.0,840.0,DC51D+Z,,,,,,
initial-000017,BR_00000002,2,0002002202-000040,0002002202-000040,0002002202-000040,BR_00000006,normal_real,23.0,1227.0,1.0,770.0,810.0,DC51D+Z,,,,,,
initial-000017,BR_00000002,3,0002002202-000080,0002002202-000080,0002002202-000080,BR_00000006,normal_real,23.0,1203.0,1.0,770.0,810.0,DC51D+Z,,,,,,
initial-000017,BR_00000002,4,0030124800-000040,0030124800-000040,0030124800-000040,BR_00000006,normal_real,24.0,1164.0,0.8,770.0,810.0,DX52D+Z,,,,,,
initial-000017,BR_00000002,5,0030120939-000100,0030120939-000100,0030120939-000100,BR_00000002,normal_real,48.0,1160.0,0.7,780.0,800.0,HC220YD+Z,,,,,,
initial-000017,BR_00000002,6,0030124824-000050,0030124824-000050,0030124824-000050,BR_00000006,normal_real,23.11,1050.0,0.65,780.0,800.0,HC220YD+Z-GL,,,,,,
initial-000017,BR_00000002,7,0030125207-000030,0030125207-000030,0030125207-000030,BR_00000006,normal_real,22.0,1043.0,0.7,780.0,800.0,HC220YD+Z,,,,,,
initial-000017,BR_00000002,8,0030125207-000120,0030125207-000120,0030125207-000120,BR_00000006,normal_real,22.0,1039.0,0.7,790.0,810.0,HC260YD+Z,,,,,,
initial-000017,BR_00000002,9,0002002184-000210,0002002184-000210,0002002184-000210,BR_00000006,normal_real,25.0,1030.0,0.6,770.0,810.0,DC51D+Z,,,,,,
initial-000017,BR_00000002,10,0002002195-000030,0002002195-000030,0002002195-000030,BR_00000006,normal_real,22.0,1022.0,0.7,770.0,810.0,DC51D+Z,,,,,,
initial-000017,BR_00000002,11,0030122488-000030,0030122488-000030,0030122488-000030,BR_00000006,normal_real,110.0,1000.0,0.9,770.0,810.0,DC52D+Z,,,,,,
initial-000017,BR_00000002,12,0002002170-000090,0002002170-000090,0002002170-000090,BR_00000006,normal_real,25.0,1000.0,1.0,770.0,810.0,DC51D+Z,,,,,,
initial-000017,BR_00000002,13,0030122899-000030,0030122899-000030,0030122899-000030,BR_00000006,actual_transition,170.0,1000.0,1.2,700.0,840.0,DC51D+Z,,,,,,
initial-000017,BR_00000002,14,0010020206-000010,0010020206-000010,0010020206-000010,BR_00000006,actual_transition,58.48,1000.0,1.5,700.0,840.0,DC51D+Z,,,,,,
initial-000017,BR_00000002,15,0002002202-000290,0002002202-000290,0002002202-000290,BR_00000006,normal_real,16.0,931.0,1.6,770.0,810.0,DC51D+Z,,,,,,
initial-000017,BR_00000002,16,0002002170-000290,0002002170-000290,0002002170-000290,BR_00000006,normal_real,50.0,883.0,1.4,770.0,810.0,DC51D+Z,,,,,,
initial-000030,BR_00000002,0,0030124871-000050,0030124871-000050,0030124871-000050,BR_00000006,normal_real,20.0,1540.0,1.15,820.0,840.0,DX53D+Z,,,,,,
initial-000030,BR_00000002,1,0010019881-000050,0010019881-000050,0010019881-000050,BR_00000006,actual_transition,26.0,1500.0,1.45,700.0,840.0,DC51D+Z,,,,,,
initial-000030,BR_00000002,2,0030125207-000100,0030125207-000100,0030125207-000100,BR_00000006,normal_real,24.0,1500.0,1.2,830.0,850.0,DC51D+Z,,,,,,
initial-000030,BR_00000002,3,virtual-000008,,,,virtual_sphc,20.0,1500.0,1.2,795.0,815.0,SPHC,,,virtual_sphc:1500x1.2,weight_fill,8,
initial-000030,BR_00000002,4,virtual-000007,,,,virtual_sphc,20.0,1500.0,1.5,795.0,815.0,SPHC,,,virtual_sphc:1500x1.5,weight_fill,7,
initial-000030,BR_00000002,5,0030124734-000010,0030124734-000010,0030124734-000010,BR_00000006,normal_real,24.0,1500.0,2.0,795.0,815.0,HC220YD+Z,,,,,,
initial-000030,BR_00000002,6,virtual-000010,,,,virtual_sphc,20.0,1500.0,1.5,795.0,815.0,SPHC,,,virtual_sphc:1500x1.5,weight_fill,10,
initial-000030,BR_00000002,7,0010020206-000070,0010020206-000070,0010020206-000070,BR_00000006,actual_transition,143.49,1500.0,2.0,700.0,720.0,DC51D+Z,,,,,,
initial-000030,BR_00000002,8,virtual-000009,,,,virtual_sphc,20.0,1500.0,2.0,795.0,815.0,SPHC,,,virtual_sphc:1500x2,weight_fill,9,
initial-000030,BR_00000002,9,0030120865-000010,0030120865-000010,0030120865-000010,BR_00000002,normal_real,50.0,1422.0,2.5,795.0,815.0,HC220YD+Z,,,,,,
initial-000030,BR_00000002,10,virtual-000012,,,,virtual_sphc,20.0,1250.0,2.0,795.0,815.0,SPHC,,,virtual_sphc:1250x2,weight_fill,12,
initial-000030,BR_00000002,11,virtual-000011,,,,virtual_sphc,20.0,1250.0,2.0,795.0,815.0,SPHC,,,virtual_sphc:1250x2,weight_fill,11,
initial-000030,BR_00000002,12,0030121327-000010,0030121327-000010,0030121327-000010,BR_00000002,normal_real,24.0,1195.0,2.49,795.0,815.0,HC220YD+Z,,,,,,
initial-000030,BR_00000002,13,0002002202-000270,0002002202-000270,0002002202-000270,BR_00000006,normal_real,23.0,1185.0,2.0,770.0,810.0,DC51D+Z,,,,,,
initial-000030,BR_00000002,14,0002002185-000020,0002002185-000020,0002002185-000020,BR_00000006,normal_real,23.0,1190.0,1.6,770.0,810.0,DC51D+Z,,,,,,
initial-000030,BR_00000002,15,0030124440-000040,0030124440-000040,0030124440-000040,BR_00000006,normal_real,24.0,1206.0,1.3,700.0,840.0,DC51D+Z,,,,,,
initial-000030,BR_00000002,16,0002002185-000040,0002002185-000040,0002002185-000040,BR_00000006,normal_real,40.0,1165.0,1.6,770.0,810.0,DC51D+Z,,,,,,
initial-000030,BR_00000002,17,0030122476-000030,0030122476-000030,0030122476-000030,BR_00000006,normal_real,24.0,1165.0,1.8,800.0,820.0,HC220YD+Z,,,,,,
initial-000030,BR_00000002,18,0030122476-000060,0030122476-000060,0030122476-000060,BR_00000006,normal_real,8.92,1115.0,1.6,770.0,810.0,DC51D+Z,,,,,,
initial-000030,BR_00000002,19,0002002185-000050,0002002185-000050,0002002185-000050,BR_00000006,normal_real,23.0,1113.0,1.5,770.0,810.0,DC51D+Z,,,,,,
initial-000030,BR_00000002,20,0030122476-000080,0030122476-000080,0030122476-000080,BR_00000006,normal_real,8.0,1110.0,2.0,795.0,815.0,HC220YD+Z,,,,,,
initial-000030,BR_00000002,21,0030120940-000110,0030120940-000110,0030120940-000110,BR_00000002,normal_real,8.66,1093.0,2.0,795.0,815.0,HC220YD+Z,,,,,,
initial-000030,BR_00000002,22,0002002202-000280,0002002202-000280,0002002202-000280,BR_00000006,normal_real,19.0,1085.0,2.0,770.0,810.0,DC51D+Z,,,,,,
initial-000030,BR_00000002,23,0030125207-000080,0030125207-000080,0030125207-000080,BR_00000006,normal_real,46.0,1078.0,2.5,770.0,810.0,DC51D+Z,,,,,,
initial-000030,BR_00000002,24,virtual-000014,,,,virtual_sphc,20.0,1000.0,2.0,770.0,810.0,SPHC,,,virtual_sphc:1000x2,weight_fill,14,
initial-000030,BR_00000002,25,virtual-000013,,,,virtual_sphc,20.0,1000.0,2.0,770.0,810.0,SPHC,,,virtual_sphc:1000x2,weight_fill,13,
split-chain-partition-14eed158aa2fb5d0bb6b46f70510931e923f66a097fc0e062e2687e39b166626,BR_00000006,0,0030123647-000010,0030123647-000010,0030123647-000010,BR_00000006,normal_real,6.15,1675.0,0.65,830.0,850.0,SCG4+Z,,,,,,
split-chain-partition-14eed158aa2fb5d0bb6b46f70510931e923f66a097fc0e062e2687e39b166626,BR_00000006,1,0002002193-000040,0002002193-000040,0002002193-000040,BR_00000006,normal_real,104.0,1665.0,0.7,830.0,850.0,DC53D+Z,,,,,,
split-chain-partition-14eed158aa2fb5d0bb6b46f70510931e923f66a097fc0e062e2687e39b166626,BR_00000006,2,0030125157-000010,0030125157-000010,0030125157-000010,BR_00000006,normal_real,26.0,1385.0,0.6,830.0,850.0,DC54D+Z,,,,,,
split-chain-partition-14eed158aa2fb5d0bb6b46f70510931e923f66a097fc0e062e2687e39b166626,BR_00000006,3,0030125168-000070,0030125168-000070,0030125168-000070,BR_00000006,normal_real,24.0,1405.0,0.5,820.0,840.0,DX53D+Z-LG,,,,,,
split-chain-partition-14eed158aa2fb5d0bb6b46f70510931e923f66a097fc0e062e2687e39b166626,BR_00000006,4,split-partition-14eed158aa2fb5d0bb6b46f70510931e923f66a097fc0e062e2687e39b166626:piece:0001,0002002073-000010,0002002073-000010,BR_00000006,normal_real,500.0,1065.0,0.5,820.0,840.0,DX53D+Z-CD,partition-14eed158aa2fb5d0bb6b46f70510931e923f66a097fc0e062e2687e39b166626,1,,,,
split-chain-partition-14eed158aa2fb5d0bb6b46f70510931e923f66a097fc0e062e2687e39b166626,BR_00000006,5,virtual-000016,,,,virtual_sphc,20.0,1000.0,0.5,820.0,840.0,SPHC,,,virtual_sphc:1000x0.5,split_separator,16,partition-14eed158aa2fb5d0bb6b46f70510931e923f66a097fc0e062e2687e39b166626
split-chain-partition-14eed158aa2fb5d0bb6b46f70510931e923f66a097fc0e062e2687e39b166626,BR_00000006,6,split-partition-14eed158aa2fb5d0bb6b46f70510931e923f66a097fc0e062e2687e39b166626:piece:0002,0002002073-000010,0002002073-000010,BR_00000006,normal_real,100.0,1065.0,0.5,820.0,840.0,DX53D+Z-CD,partition-14eed158aa2fb5d0bb6b46f70510931e923f66a097fc0e062e2687e39b166626,2,,,,
initial-000021,BR_00000006,0,0002002202-000190,0002002202-000190,0002002202-000190,BR_00000006,normal_real,23.0,1555.0,1.0,770.0,810.0,DC51D+Z,,,,,,
initial-000021,BR_00000006,1,0002002184-000170,0002002184-000170,0002002184-000170,BR_00000006,normal_real,23.0,1512.0,1.2,770.0,810.0,DC51D+Z,,,,,,
initial-000021,BR_00000006,2,0030122476-000040,0030122476-000040,0030122476-000040,BR_00000006,normal_real,16.09,1495.0,1.2,770.0,810.0,DC51D+Z,,,,,,
initial-000021,BR_00000006,3,0002002202-000030,0002002202-000030,0002002202-000030,BR_00000006,normal_real,23.0,1480.0,1.0,770.0,810.0,DC51D+Z,,,,,,
initial-000021,BR_00000006,4,0002002170-000250,0002002170-000250,0002002170-000250,BR_00000006,normal_real,69.0,1445.0,1.0,770.0,810.0,DC51D+Z,,,,,,
initial-000021,BR_00000006,5,0002002180-000380,0002002180-000380,0002002180-000380,BR_00000006,normal_real,20.0,1430.0,1.0,770.0,810.0,DC51D+Z,,,,,,
initial-000021,BR_00000006,6,0002002170-000230,0002002170-000230,0002002170-000230,BR_00000006,normal_real,23.0,1420.0,1.0,770.0,810.0,DC51D+Z,,,,,,
initial-000021,BR_00000006,7,0002002195-000240,0002002195-000240,0002002195-000240,BR_00000006,normal_real,24.0,1363.0,1.0,770.0,810.0,DC51D+Z,,,,,,
initial-000021,BR_00000006,8,0002002170-000260,0002002170-000260,0002002170-000260,BR_00000006,normal_real,23.0,1360.0,1.2,770.0,810.0,DC51D+Z,,,,,,
initial-000021,BR_00000006,9,0002002202-000130,0002002202-000130,0002002202-000130,BR_00000006,normal_real,23.0,1341.0,1.0,770.0,810.0,DC51D+Z,,,,,,
initial-000021,BR_00000006,10,0002002185-000120,0002002185-000120,0002002185-000120,BR_00000006,normal_real,23.0,1333.0,0.8,770.0,810.0,DC51D+Z,,,,,,
initial-000021,BR_00000006,11,0002002170-000030,0002002170-000030,0002002170-000030,BR_00000006,normal_real,23.0,1300.0,0.6,770.0,810.0,DC51D+Z,,,,,,
initial-000021,BR_00000006,12,0002002176-000190,0002002176-000190,0002002176-000190,BR_00000006,normal_real,15.0,1295.0,0.6,770.0,810.0,DC51D+Z,,,,,,
initial-000021,BR_00000006,13,0002002170-000270,0002002170-000270,0002002170-000270,BR_00000006,normal_real,46.0,1290.0,0.65,770.0,810.0,DC51D+Z,,,,,,
initial-000021,BR_00000006,14,0002002170-000330,0002002170-000330,0002002170-000330,BR_00000006,normal_real,23.0,1260.0,0.65,770.0,810.0,DC51D+Z,,,,,,
initial-000021,BR_00000006,15,0030122897-000090,0030122897-000090,0030122897-000090,BR_00000006,actual_transition,48.0,1250.0,0.6,700.0,840.0,DC51D+Z,,,,,,
initial-000021,BR_00000006,16,0030122897-000060,0030122897-000060,0030122897-000060,BR_00000006,actual_transition,72.0,1250.0,0.6,700.0,840.0,DC51D+Z,,,,,,
initial-000021,BR_00000006,17,0030124800-000080,0030124800-000080,0030124800-000080,BR_00000006,normal_real,24.0,1236.0,0.5,770.0,810.0,DX52D+Z,,,,,,
initial-000021,BR_00000006,18,0030123653-000040,0030123653-000040,0030123653-000040,BR_00000006,normal_real,48.0,1212.0,0.6,700.0,840.0,DC51D+Z,,,,,,
initial-000021,BR_00000006,19,0030123143-000050,0030123143-000050,0030123143-000050,BR_00000006,normal_real,13.39,1210.0,0.6,830.0,850.0,SCG4+Z,,,,,,
initial-000021,BR_00000006,20,virtual-000006,,,,virtual_sphc,20.0,1250.0,0.6,770.0,850.0,SPHC,,,virtual_sphc:1250x0.6,edge_bridge,6,
initial-000021,BR_00000006,21,0002002170-000370,0002002170-000370,0002002170-000370,BR_00000006,normal_real,23.0,1130.0,0.7,770.0,810.0,DC51D+Z,,,,,,
initial-000021,BR_00000006,22,0002002202-000140,0002002202-000140,0002002202-000140,BR_00000006,normal_real,23.0,1110.0,0.7,770.0,810.0,DC51D+Z,,,,,,
initial-000021,BR_00000006,23,0030125207-000040,0030125207-000040,0030125207-000040,BR_00000006,normal_real,46.0,1103.0,0.7,770.0,810.0,DC51D+Z,,,,,,
initial-000021,BR_00000006,24,0002002185-000110,0002002185-000110,0002002185-000110,BR_00000006,normal_real,19.0,1097.0,0.65,770.0,810.0,DC51D+Z,,,,,,
initial-000021,BR_00000006,25,0002002202-000170,0002002202-000170,0002002202-000170,BR_00000006,normal_real,19.0,1080.0,0.7,770.0,810.0,DC51D+Z,,,,,,
initial-000021,BR_00000006,26,0002002202-000050,0002002202-000050,0002002202-000050,BR_00000006,normal_real,25.0,1060.0,0.7,770.0,810.0,DC51D+Z,,,,,,
initial-000021,BR_00000006,27,0002002195-000040,0002002195-000040,0002002195-000040,BR_00000006,normal_real,64.87,1051.0,0.65,770.0,810.0,DC51D+Z,,,,,,
initial-000021,BR_00000006,28,0002002195-000220,0002002195-000220,0002002195-000220,BR_00000006,normal_real,80.0,1040.0,0.65,770.0,810.0,DC51D+Z,,,,,,
initial-000021,BR_00000006,29,0030125207-000020,0030125207-000020,0030125207-000020,BR_00000006,normal_real,22.0,1033.0,0.7,780.0,800.0,HC220YD+Z,,,,,,
initial-000021,BR_00000006,30,0002002180-000030,0002002180-000030,0002002180-000030,BR_00000006,normal_real,89.0,1020.0,0.6,770.0,810.0,DC51D+Z,,,,,,
initial-000021,BR_00000006,31,0002002176-000090,0002002176-000090,0002002176-000090,BR_00000006,normal_real,20.0,983.0,0.6,770.0,810.0,DC51D+Z,,,,,,
initial-000021,BR_00000006,32,0002002170-000380,0002002170-000380,0002002170-000380,BR_00000006,normal_real,20.0,960.0,0.65,770.0,810.0,DC51D+Z,,,,,,
initial-000021,BR_00000006,33,0002002180-000050,0002002180-000050,0002002180-000050,BR_00000006,normal_real,20.0,910.0,0.65,770.0,810.0,DC51D+Z,,,,,,
initial-000021,BR_00000006,34,0002002170-000130,0002002170-000130,0002002170-000130,BR_00000006,normal_real,55.0,828.0,0.65,770.0,810.0,DC51D+Z,,,,,,
