source_order_id,input_weight,output_weight,piece_count,passed
0030122086-000010,48,48.0,1,True
0030122066-000070,24,24.0,1,True
0030122066-000020,24,24.0,1,True
0030120727-000030,300,300.0,1,True
0030121690-000040,11.87,11.87,1,True
0030121690-000010,23,23.0,1,True
0030121724-000020,195.2,195.2,1,True
0030121501-000010,25.11,25.11,1,True
0030121346-000020,48,48.0,1,True
0030121432-000010,48,48.0,1,True
0030121327-000010,24,24.0,1,True
0030121196-000030,46.91,46.91,1,True
0030121196-000020,24,24.0,1,True
0030118093-000060,31.46,31.46,1,True
0030120940-000120,20.15,20.15,1,True
0030120940-000110,8.66,8.66,1,True
0030120939-000100,48,48.0,1,True
0030120939-000090,24,24.0,1,True
0030120940-000030,18,18.0,1,True
0030120939-000070,23,23.0,1,True
0030120939-000060,23.45,23.45,1,True
0030120939-000080,46,46.0,1,True
0030120951-000010,32.24,32.24,1,True
0030120882-000010,110,110.0,1,True
0030120865-000010,50,50.0,1,True
0030120757-000040,25.98,25.98,1,True
0030120757-000020,17.37,17.37,1,True
0030120757-000050,24,24.0,1,True
0030120745-000010,12.99,12.99,1,True
0030120049-000040,24,24.0,1,True
0030119041-000020,16.85,16.85,1,True
0030119959-000010,23,23.0,1,True
0005000548-000050,7,7.0,1,True
0030119945-000140,24,24.0,1,True
0030119938-000310,72.86,72.86,1,True
0030119938-000330,95.14,95.14,1,True
0030119938-000340,48,48.0,1,True
0030119938-000320,24.6,24.6,1,True
0002002024-000070,6.04,6.04,1,True
0030119860-000040,180.24,180.24,1,True
0002002055-000100,18.26,18.26,1,True
0030119866-000010,27.97,27.97,1,True
0002002055-000070,491,491.0,1,True
0002002055-000030,66.82,66.82,1,True
0002002055-000050,280.12,280.12,1,True
0002002055-000120,570.3,570.3,2,True
0002002055-000040,346.03,346.03,1,True
0002002055-000010,70.55,70.55,1,True
0002002055-000080,5.45,5.45,1,True
0030119860-000010,38.27,38.27,1,True
0002002020-000080,13.01,13.01,1,True
0002002021-000070,19,19.0,1,True
0030119860-000030,56.58,56.58,1,True
0030119597-000010,7.08,7.08,1,True
0002002055-000110,15.3,15.3,1,True
0002002053-000180,60,60.0,1,True
0030119215-000010,22,22.0,1,True
0002002053-000130,23,23.0,1,True
0002002054-000040,36.52,36.52,1,True
0002002054-000340,102.32,102.32,1,True
0002002053-000070,25.67,25.67,1,True
0002002054-000200,52.56,52.56,1,True
0002002053-000100,92,92.0,1,True
0002002059-000020,20.43,20.43,1,True
0002002054-000230,2.05,2.05,1,True
0002002054-000350,98.97,98.97,1,True
0002002054-000320,23,23.0,1,True
0002002053-000050,13.67,13.67,1,True
0002002054-000100,75.01,75.01,1,True
0002002054-000010,36.83,36.83,1,True
0002002054-000310,11.7,11.7,1,True
0002002054-000060,50,50.0,1,True
0002002053-000150,18.76,18.76,1,True
0002002053-000120,18.57,18.57,1,True
0002002058-000020,18.91,18.91,1,True
0002002054-000260,293.39,293.39,1,True
0002002054-000270,12.7,12.7,1,True
0002002053-000020,8.8,8.8,1,True
0030119183-000010,1.02,1.02,1,True
0030119098-000060,24,24.0,1,True
0030119098-000010,22.98,22.98,1,True
0030119032-000020,10.4,10.4,1,True
0030119031-000020,26.67,26.67,1,True
0030118966-000010,31.64,31.64,1,True
0030118934-000060,188.59,188.59,1,True
0030118934-000020,238.96,238.96,1,True
0030118934-000050,15.37,15.37,1,True
0030118934-000010,130.44,130.44,1,True
0030118957-000010,48,48.0,1,True
0030118921-000020,23,23.0,1,True
0030118802-000010,14.77,14.77,1,True
0030118799-000010,7.55,7.55,1,True
0002002044-000070,18.71,18.71,1,True
0030118632-000010,16.85,16.85,1,True
0030118641-000020,6.04,6.04,1,True
0030118641-000010,22.03,22.03,1,True
0030118261-000010,57.02,57.02,1,True
0005000545-000020,9.59,9.59,1,True
0005000547-000400,20,20.0,1,True
0030118006-000020,29.28,29.28,1,True
0030118006-000010,55.45,55.45,1,True
0030118006-000070,43.72,43.72,1,True
0030118093-000030,13.15,13.15,1,True
0030118093-000010,122.84,122.84,1,True
0030118093-000020,135.54,135.54,1,True
0030117976-000020,7.91,7.91,1,True
0030117932-000010,99.77,99.77,1,True
0002002009-000020,8.14,8.14,1,True
0005000546-000010,7,7.0,1,True
0002002009-000050,8.22,8.22,1,True
0030117933-000010,10.9,10.9,1,True
0002002006-000190,7.7,7.7,1,True
0002002006-000230,21.76,21.76,1,True
0002001998-000190,42.46,42.46,1,True
0002001995-000010,19.16,19.16,1,True
0010018206-000010,31.76,31.76,1,True
0010018206-000080,8.26,8.26,1,True
0030117284-000030,13.54,13.54,1,True
0030117283-000020,3.44,3.44,1,True
0030117285-000070,12.8,12.8,1,True
0030117283-000030,13.32,13.32,1,True
0030117110-000010,13.2,13.2,1,True
0030117110-000020,21.51,21.51,1,True
0030117110-000090,4.67,4.67,1,True
0030120974-000030,23,23.0,1,True
0030120817-000050,50,50.0,1,True
0030125207-000060,24,24.0,1,True
0030125207-000140,44,44.0,1,True
0030125207-000130,22,22.0,1,True
0030125207-000040,46,46.0,1,True
0030125207-000080,46,46.0,1,True
0030125207-000090,24,24.0,1,True
0030125207-000030,22,22.0,1,True
0030125207-000050,48,48.0,1,True
0030125207-000100,24,24.0,1,True
0030125207-000070,24,24.0,1,True
0030125206-000010,23,23.0,1,True
0030125207-000110,24,24.0,1,True
0030125207-000120,22,22.0,1,True
0030125207-000020,22,22.0,1,True
0030125168-000010,72,72.0,1,True
0030125101-000020,120,120.0,1,True
0030125184-000010,48,48.0,1,True
0030125168-000070,24,24.0,1,True
0030125168-000050,24,24.0,1,True
0030125170-000010,20,20.0,1,True
0030125102-000010,72,72.0,1,True
0030125168-000080,24,24.0,1,True
0030125168-000040,48,48.0,1,True
0030125168-000020,48,48.0,1,True
0030125101-000030,48,48.0,1,True
0030125168-000090,24,24.0,1,True
0030125168-000030,48,48.0,1,True
0030125168-000060,24,24.0,1,True
0030124871-000070,230,230.0,1,True
0030124871-000040,20,20.0,1,True
0030124574-000010,23,23.0,1,True
0030125147-000010,24,24.0,1,True
0030125157-000010,26,26.0,1,True
0030124800-000060,23,23.0,1,True
0030124800-000010,24,24.0,1,True
0005000571-000020,7,7.0,1,True
0005000571-000040,10,10.0,1,True
0005000571-000030,7,7.0,1,True
0030123654-000020,48,48.0,1,True
0030125150-000010,24,24.0,1,True
0030124438-000010,23,23.0,1,True
0030124800-000050,23,23.0,1,True
0030124800-000030,23,23.0,1,True
0030124871-000140,30,30.0,1,True
0030123654-000010,48,48.0,1,True
0030124871-000130,180,180.0,1,True
0030124871-000020,20,20.0,1,True
0030124871-000110,140,140.0,1,True
0030123654-000030,24,24.0,1,True
0030125150-000030,96,96.0,1,True
0030124871-000090,70,70.0,1,True
0030124871-000060,300,300.0,1,True
0030124800-000040,24,24.0,1,True
0030124800-000020,24,24.0,1,True
0030125147-000030,110,110.0,1,True
0030125147-000020,23,23.0,1,True
0030124437-000020,22,22.0,1,True
0030124871-000050,20,20.0,1,True
0030124871-000010,25,25.0,1,True
0030124871-000120,220,220.0,1,True
0030124871-000030,20,20.0,1,True
0030125150-000020,24,24.0,1,True
0030124437-000010,18,18.0,1,True
0030124800-000080,24,24.0,1,True
0030124800-000070,23,23.0,1,True
0030125097-000010,7.65,7.65,1,True
0030124824-000020,430,430.0,1,True
0030124824-000050,23.11,23.11,1,True
0030124824-000030,37.29,37.29,1,True
0030124824-000010,20,20.0,1,True
0030124827-000010,70,70.0,1,True
0030124824-000040,92.95,92.95,1,True
0030124827-000020,50,50.0,1,True
0030124826-000030,30,30.0,1,True
0030124826-000010,40,40.0,1,True
0030124826-000040,50,50.0,1,True
0030124772-000030,24,24.0,1,True
0030124772-000060,23,23.0,1,True
0030124772-000020,24,24.0,1,True
0030124772-000010,24,24.0,1,True
0030124735-000110,24,24.0,1,True
0030124735-000080,24,24.0,1,True
0030124735-000070,24,24.0,1,True
0030124735-000120,24,24.0,1,True
0030124735-000090,24,24.0,1,True
0030124683-000010,96,96.0,1,True
0005000575-000020,20,20.0,1,True
0030124735-000100,24,24.0,1,True
0030124734-000010,24,24.0,1,True
0030124683-000040,192,192.0,1,True
0030124583-000010,24,24.0,1,True
0030124735-000130,24,24.0,1,True
0030124683-000030,48,48.0,1,True
0030124731-000020,54,54.0,1,True
0030124731-000010,48,48.0,1,True
0030124683-000050,23,23.0,1,True
0030124735-000060,24,24.0,1,True
0030124683-000020,48,48.0,1,True
0030124457-000020,24,24.0,1,True
0030124457-000010,44,44.0,1,True
0030124567-000010,24,24.0,1,True
0030124440-000040,24,24.0,1,True
0030124440-000030,24,24.0,1,True
0030124440-000020,23,23.0,1,True
0030124397-000030,24,24.0,1,True
0002002187-000010,25,25.0,1,True
0002002187-000020,25,25.0,1,True
0030124207-000010,24,24.0,1,True
0030124207-000020,24,24.0,1,True
0030124199-000010,26,26.0,1,True
0002002170-000020,69,69.0,1,True
0002002202-000160,19,19.0,1,True
0002002202-000140,23,23.0,1,True
0002002170-000250,69,69.0,1,True
0002002202-000120,23,23.0,1,True
0002002184-000170,23,23.0,1,True
0002002202-000150,25,25.0,1,True
0002002202-000010,19,19.0,1,True
0002002170-000140,16,16.0,1,True
0002002184-000010,23,23.0,1,True
0002002170-000340,23,23.0,1,True
0002002170-000420,23,23.0,1,True
0002002202-000130,23,23.0,1,True
0002002202-000090,138,138.0,1,True
0002002170-000130,55,55.0,1,True
0002002170-000240,80,80.0,1,True
0002002170-000010,23,23.0,1,True
0002002202-000180,19,19.0,1,True
0002002202-000100,19,19.0,1,True
0002002202-000040,23,23.0,1,True
0002002202-000170,19,19.0,1,True
0002002202-000050,25,25.0,1,True
0002002202-000190,23,23.0,1,True
0002002170-000170,100,100.0,1,True
0002002170-000090,25,25.0,1,True
0002002185-000140,30,30.0,1,True
0002002170-000370,23,23.0,1,True
0030124170-000010,69,69.0,1,True
0002002170-000160,23,23.0,1,True
0002002184-000040,92,92.0,1,True
0002002170-000430,23,23.0,1,True
0002002170-000350,23,23.0,1,True
0002002184-000090,30,30.0,1,True
0002002185-000130,23,23.0,1,True
0002002185-000030,23,23.0,1,True
0002002202-000070,16,16.0,1,True
0002002170-000190,40,40.0,1,True
0002002184-000190,64,64.0,1,True
0002002184-000030,23,23.0,1,True
0002002170-000360,40,40.0,1,True
0002002202-000230,19,19.0,1,True
0002002184-000160,16,16.0,1,True
0002002185-000080,40,40.0,1,True
0002002202-000060,46,46.0,1,True
0002002170-000180,46,46.0,1,True
0002002185-000070,92,92.0,1,True
0002002170-000200,126.53,126.53,1,True
0002002184-000020,16,16.0,1,True
0002002169-000010,25,25.0,1,True
0002002202-000280,19,19.0,1,True
0002002170-000330,23,23.0,1,True
0002002185-000010,23,23.0,1,True
0002002170-000230,23,23.0,1,True
0002002202-000270,23,23.0,1,True
0002002185-000090,1.97,1.97,1,True
0002002202-000110,23,23.0,1,True
0002002202-000030,23,23.0,1,True
0002002170-000060,32,32.0,1,True
0002002170-000030,23,23.0,1,True
0002002185-000050,23,23.0,1,True
0002002170-000210,45.97,45.97,1,True
0002002170-000270,46,46.0,1,True
0002002184-000210,25,25.0,1,True
0002002185-000120,23,23.0,1,True
0002002185-000040,40,40.0,1,True
0002002170-000150,23,23.0,1,True
0002002170-000070,16,16.0,1,True
0002002170-000050,23,23.0,1,True
0002002170-000280,19,19.0,1,True
0002002170-000260,23,23.0,1,True
0002002184-000200,91.34,91.34,1,True
0002002184-000080,23,23.0,1,True
0002002170-000380,20,20.0,1,True
0002002170-000320,23,23.0,1,True
0002002202-000260,15.93,15.93,1,True
0002002185-000060,23,23.0,1,True
0002002184-000060,23,23.0,1,True
0002002169-000030,30,30.0,1,True
0002002202-000240,19,19.0,1,True
0002002185-000020,23,23.0,1,True
0002002202-000080,23,23.0,1,True
0002002202-000220,23,23.0,1,True
0002002170-000290,50,50.0,1,True
0002002170-000310,23,23.0,1,True
0002002185-000150,16,16.0,1,True
0002002185-000100,23,23.0,1,True
0002002202-000020,23,23.0,1,True
0002002170-000080,23,23.0,1,True
0002002170-000040,23,23.0,1,True
0002002184-000130,19,19.0,1,True
0002002202-000300,30,30.0,1,True
0002002185-000110,19,19.0,1,True
0002002184-000220,23,23.0,1,True
0002002170-000120,23,23.0,1,True
0002002170-000220,46,46.0,1,True
0002002202-000210,8.21,8.21,1,True
0002002202-000200,19,19.0,1,True
0002002170-000410,23,23.0,1,True
0002002170-000300,23,23.0,1,True
0002002202-000290,16,16.0,1,True
0030124081-000010,48,48.0,1,True
0030124078-000010,44,44.0,1,True
0030123936-000020,327.94,327.94,1,True
0030123916-000020,23,23.0,1,True
0030123916-000040,23,23.0,1,True
0030123936-000010,182,182.0,1,True
0030123916-000030,69,69.0,1,True
0030123916-000010,23,23.0,1,True
0030123647-000010,6.15,6.15,1,True
0030123646-000010,12,12.0,1,True
0002002193-000020,260,260.0,1,True
0002002193-000030,52,52.0,1,True
0002002193-000040,104,104.0,1,True
0002002195-000050,48,48.0,1,True
0002002195-000170,24,24.0,1,True
0002002195-000080,190,190.0,1,True
0002002195-000030,22,22.0,1,True
0002002195-000140,72,72.0,1,True
0010020206-000090,52.98,52.98,1,True
0002002195-000250,24,24.0,1,True
0002002195-000190,24,24.0,1,True
0010020206-000080,122.45,122.45,1,True
0002002195-000040,64.87,64.87,1,True
0002002195-000020,44,44.0,1,True
0002002195-000180,25,25.0,1,True
0002002195-000100,230,230.0,1,True
0002002195-000090,48,48.0,1,True
0002002195-000210,8.86,8.86,1,True
0002002195-000230,24,24.0,1,True
0002002195-000200,24,24.0,1,True
0010020206-000010,58.48,58.48,1,True
0010020206-000030,110,110.0,1,True
0002002195-000060,61.96,61.96,1,True
0002002195-000010,10,10.0,1,True
0002002195-000160,635,635.0,1,True
0002002195-000070,145,145.0,1,True
0002002195-000220,80,80.0,1,True
0010020206-000100,95.94,95.94,1,True
0002002195-000240,24,24.0,1,True
0002002195-000110,110,110.0,1,True
0010020206-000070,143.49,143.49,1,True
0002002195-000120,72,72.0,1,True
0002002195-000150,175,175.0,1,True
0010020206-000110,117.45,117.45,1,True
0030123653-000060,96,96.0,1,True
0030123653-000020,24,24.0,1,True
0030123653-000030,48,48.0,1,True
0030123653-000050,120,120.0,1,True
0030123653-000010,96,96.0,1,True
0030123653-000040,48,48.0,1,True
0030123508-000010,138,138.0,1,True
0002002177-000030,15,15.0,1,True
0002002177-000020,15,15.0,1,True
0002002177-000010,30,30.0,1,True
0002002180-000140,20,20.0,1,True
0030123425-000010,132,132.0,1,True
0002002180-000030,89,89.0,1,True
0002002180-000350,20,20.0,1,True
0002002179-000010,41,41.0,1,True
0002002180-000360,17.08,17.08,1,True
0002002180-000050,20,20.0,1,True
0002002180-000270,20,20.0,1,True
0002002180-000130,34,34.0,1,True
0002002180-000170,20,20.0,1,True
0002002180-000340,20,20.0,1,True
0002002180-000160,20,20.0,1,True
0002002180-000060,20,20.0,1,True
0002002180-000040,20,20.0,1,True
0002002180-000280,20,20.0,1,True
0030123425-000020,130,130.0,1,True
0002002180-000380,20,20.0,1,True
0002002180-000010,39,39.0,1,True
0002002176-000100,23,23.0,1,True
0002002176-000230,15,15.0,1,True
0002002176-000160,13.76,13.76,1,True
0002002176-000170,17,17.0,1,True
0002002176-000120,25,25.0,1,True
0002002176-000080,15,15.0,1,True
0002002176-000010,15,15.0,1,True
0002002176-000110,35,35.0,1,True
0002002176-000210,15,15.0,1,True
0002002176-000150,23,23.0,1,True
0002002176-000180,15,15.0,1,True
0002002176-000190,15,15.0,1,True
0002002176-000240,69,69.0,1,True
0002002176-000140,23,23.0,1,True
0002002176-000070,100,100.0,1,True
0002002176-000030,15,15.0,1,True
0002002176-000220,15,15.0,1,True
0002002176-000090,20,20.0,1,True
0002002176-000200,15,15.0,1,True
0030123255-000030,36,36.0,1,True
0030123256-000030,46,46.0,1,True
0030123256-000010,100,100.0,1,True
0030123256-000020,92.21,92.21,1,True
0030123255-000020,46,46.0,1,True
0030123255-000010,92,92.0,1,True
0030123256-000040,69,69.0,1,True
0030123141-000020,100,100.0,1,True
0030123141-000010,50,50.0,1,True
0010019881-000020,24,24.0,1,True
0030123142-000030,132,132.0,1,True
0010019881-000060,96,96.0,1,True
0030123143-000040,67.97,67.97,1,True
0030123142-000040,156,156.0,1,True
0010019881-000030,26,26.0,1,True
0010019881-000010,24,24.0,1,True
0030123143-000050,13.39,13.39,1,True
0030123143-000030,175,175.0,1,True
0030123145-000010,51.02,51.02,1,True
0010019881-000050,26,26.0,1,True
0010019881-000040,96,96.0,1,True
0030123143-000010,52,52.0,1,True
0030123143-000020,104,104.0,1,True
0030123142-000010,312,312.0,1,True
0030123142-000020,182,182.0,1,True
0030123143-000060,78,78.0,1,True
0030123145-000020,21.43,21.43,1,True
0030123143-000070,88,88.0,1,True
0030123053-000010,48,48.0,1,True
0002002162-000110,24,24.0,1,True
0030122898-000040,240,240.0,1,True
0030122897-000010,24,24.0,1,True
0030122899-000030,170,170.0,1,True
0030122897-000100,96,96.0,1,True
0030122899-000010,60,60.0,1,True
0002002162-000100,24,24.0,1,True
0030122898-000030,96,96.0,1,True
0030122899-000020,187.98,187.98,1,True
0002002162-000010,72,72.0,1,True
0030122897-000040,24,24.0,1,True
0030122897-000030,24,24.0,1,True
0030122897-000060,72,72.0,1,True
0002002162-000080,18,18.0,1,True
0002002162-000040,168,168.0,1,True
0030122898-000020,19.26,19.26,1,True
0030122898-000010,50,50.0,1,True
0030122897-000090,48,48.0,1,True
0030122897-000050,24,24.0,1,True
0002002162-000070,18,18.0,1,True
0030122899-000050,240,240.0,1,True
0030122897-000070,24,24.0,1,True
0010019718-000050,96,96.0,1,True
0010019718-000030,131.46,131.46,1,True
0010019718-000040,144,144.0,1,True
0010019718-000020,58,58.0,1,True
0010019718-000010,58,58.0,1,True
0010019680-000020,69,69.0,1,True
0010019680-000010,48,48.0,1,True
0010019680-000030,48,48.0,1,True
0005000563-000030,63,63.0,1,True
0005000563-000170,48,48.0,1,True
0005000563-000090,21,21.0,1,True
0030122759-000020,22,22.0,1,True
0030122760-000020,18.35,18.35,1,True
0030122759-000010,22,22.0,1,True
0005000563-000240,16,16.0,1,True
0030122759-000030,88,88.0,1,True
0005000563-000210,21,21.0,1,True
0005000563-000130,42,42.0,1,True
0005000563-000290,20,20.0,1,True
0005000563-000220,18.22,18.22,1,True
0005000563-000270,18,18.0,1,True
0005000563-000280,21,21.0,1,True
0030122647-000580,48,48.0,1,True
0030122647-000560,72,72.0,1,True
0030122647-000570,48,48.0,1,True
0030122647-000550,72,72.0,1,True
0030122647-000590,48,48.0,1,True
0002002152-000010,23,23.0,1,True
0005000562-000050,23,23.0,1,True
0030122488-000020,96,96.0,1,True
0030122488-000030,110,110.0,1,True
0010019618-000010,198,198.0,1,True
0030122488-000010,110,110.0,1,True
0010019618-000020,192,192.0,1,True
0030122480-000090,22,22.0,1,True
0030122476-000030,24,24.0,1,True
0030122480-000080,69,69.0,1,True
0030122480-000110,110,110.0,1,True
0030122480-000100,154,154.0,1,True
0030122476-000080,8,8.0,1,True
0030122480-000070,108,108.0,1,True
0030122476-000070,24,24.0,1,True
0030122476-000040,16.09,16.09,1,True
0030122476-000060,8.92,8.92,1,True
0030122476-000050,8,8.0,1,True
0030122480-000040,72,72.0,1,True
0030122080-000010,14.4,14.4,1,True
0002002148-000010,300,300.0,1,True
0030121799-000010,168,168.0,1,True
0002002074-000010,150,150.0,1,True
0002002073-000010,600,600.0,2,True
0030124871-000100,210,210.0,1,True
0030124871-000080,60,60.0,1,True
